パート,種類,問題文,選択肢1,選択肢2,選択肢3,選択肢4,正解,解説
単語の意味,4択,Friday,金曜日,水曜日,日曜日,土曜日,金曜日,
単語の意味,4択,aunt,おば,赤ちゃん,母,家族,おば,
単語の意味,4択,five,5,12,80,70,5,
単語の意味,4択,April,4月,6月,3月,1月,4月,
単語の意味,4択,March,3月,4月,5月,12月,3月,
単語の意味,4択,house,家,学校,本,友だち,家,
単語の意味,4択,family,家族,いとこ,親,おば,家族,
単語の意味,4択,drums,ドラム,フルート,ピアノ,バイオリン,ドラム,
単語の意味,4択,cow,ウシ,カンガルー,キリン,トラ,ウシ,
単語の意味,4択,seven,7,1,21,80,7,
単語の意味,4択,guitar,ピアノ,バイオリン,ギター,ドラム,ギター,
単語の意味,4択,twenty,20,16,8,10,20,
単語の意味,4択,cousin,いとこ,父,姉・妹,赤ちゃん,いとこ,
単語の意味,4択,pineapple,パイナップル,イチゴ,バナナ,スイカ,パイナップル,
単語の意味,4択,monkey,サル,カエル,イヌ,ヘビ,サル,
単語の意味,4択,hundred,100,90,16,3,100,
単語の意味,4択,ski,スキーをする,スケートをする,泳ぐ,ダンスをする,スキーをする,
単語の意味,4択,beautiful,美しい,危険な,かわいい,すばらしい,美しい,
単語の意味,4択,nineteenth,19日,28日,8日,23日,19日,
単語の意味,4択,elephant,ゾウ,ブタ,コアラ,ネコ,ゾウ,
単語の意味,4択,funny,おかしい,わくわくさせる,興味深い,すばらしい,おかしい,
単語の意味,4択,dangerous,危険な,かわいい,すばらしい,わくわくさせる,危険な,
単語の意味,4択,September,9月,5月,11月,1月,9月,
単語の意味,4択,pig,ブタ,ウマ,ウサギ,ゾウ,ブタ,
単語の意味,4択,fall,秋,冬,春,夏,秋,
単語の意味,4択,eleven,11,21,19,3,11,
単語の意味,4択,snake,ヘビ,ウマ,ヒツジ,鳥,ヘビ,
単語の意味,4択,gentle,おだやかな,かしこい,人なつっこい,強い,おだやかな,
単語の意味,4択,fourth,4日,6日,26日,3日,4日,
単語の意味,4択,July,7月,11月,5月,10月,7月,
単語の意味,4択,cat,ネコ,ライオン,魚,ヘビ,ネコ,
単語の意味,4択,Tuesday,火曜日,木曜日,土曜日,水曜日,火曜日,
単語の意味,4択,Saturday,土曜日,日曜日,水曜日,木曜日,土曜日,
単語の意味,4択,six,6,17,13,9,6,
単語の意味,4択,eighty,80,60,11,50,80,
単語の意味,4択,parent,親,おば,いとこ,兄・弟,親,
単語の意味,4択,dolphin,イルカ,魚,ライオン,コアラ,イルカ,
単語の意味,4択,violin,バイオリン,ピアノ,ギター,フルート,バイオリン,
単語の意味,4択,basketball,バスケットボール,サッカー,野球,テニス,バスケットボール,
単語の意味,4択,strong,強い,かしこい,おだやかな,勇敢な,強い,
単語の意味,4択,badminton,バドミントン,テニス,バレーボール,バスケットボール,バドミントン,
単語の意味,4択,supermarket,スーパーマーケット,神社,本屋,動物園,スーパーマーケット,
単語の意味,4択,October,10月,12月,1月,9月,10月,
単語の意味,4択,tiger,トラ,ヒツジ,ヘビ,クジラ,トラ,
単語の意味,4択,seventeenth,17日,5日,26日,25日,17日,
単語の意味,4択,horse,ウマ,ブタ,コアラ,イヌ,ウマ,
単語の意味,4択,sweet,甘い,塩辛い,とてもおいしい,苦い,甘い,
単語の意味,4択,fourteenth,14日,23日,9日,20日,14日,
単語の意味,4択,May,5月,2月,6月,9月,5月,
単語の意味,4択,December,12月,1月,5月,10月,12月,
単語の意味,4択,exciting,わくわくさせる,興味深い,美しい,すばらしい,わくわくさせる,
単語の意味,4択,sour,すっぱい,苦い,とてもおいしい,甘い,すっぱい,
単語の意味,4択,wise,賢明な,親切な,かしこい,強い,賢明な,
単語の意味,4択,giraffe,キリン,イヌ,ネコ,カエル,キリン,
単語の意味,4択,flute,フルート,ギター,バイオリン,ドラム,フルート,
単語の意味,4択,art,美術,理科,国語,英語,美術,
単語の意味,4択,bag,かばん,名前,ペン,家,かばん,
単語の意味,4択,warm,暖かい,くもりの,寒い,雨の,暖かい,
単語の意味,4択,winter,冬,秋,夏,春,冬,
単語の意味,4択,baby,赤ちゃん,兄・弟,おば,親,赤ちゃん,
単語の意味,4択,apple,リンゴ,キウイ,マンゴー,パイナップル,リンゴ,
単語の意味,4択,sixteen,16,15,2,40,16,
単語の意味,4択,koala,コアラ,イヌ,ヘビ,ウマ,コアラ,
単語の意味,4択,rainy,雨の,雪の,寒い,晴れの,雨の,
単語の意味,4択,interesting,興味深い,わくわくさせる,危険な,すばらしい,興味深い,
単語の意味,4択,August,8月,5月,7月,10月,8月,
単語の意味,4択,science,理科,数学,体育,英語,理科,
単語の意味,4択,third,3日,20日,28日,23日,3日,
単語の意味,4択,second,2日,5日,25日,29日,2日,
単語の意味,4択,English,英語,国語,体育,美術,英語,
単語の意味,4択,eighth,8日,7日,29日,11日,8日,
単語の意味,4択,nine,9,18,80,5,9,
単語の意味,4択,twelve,12,2,50,14,12,
単語の意味,4択,nineteen,19,70,4,5,19,
単語の意味,4択,grapes,ブドウ,モモ,マンゴー,リンゴ,ブドウ,
単語の意味,4択,twenty-one,21,80,30,10,21,
単語の意味,4択,sixteenth,16日,25日,13日,21日,16日,
単語の意味,4択,student,生徒,家,名前,学校,生徒,
単語の意味,4択,father,父,親,母,赤ちゃん,父,
単語の意味,4択,sixth,6日,29日,5日,28日,6日,
単語の意味,4択,twenty-fourth,24日,7日,15日,14日,24日,
単語の意味,4択,Sunday,日曜日,火曜日,土曜日,木曜日,日曜日,
単語の意味,4択,sixty,60,21,15,4,60,
単語の意味,4択,one,1,21,13,1000,1,
単語の意味,4択,shrine,神社,駅,動物園,寺,神社,
単語の意味,4択,fifteen,15,7,19,80,15,
単語の意味,4択,bird,鳥,ウシ,パンダ,ライオン,鳥,
単語の意味,4択,three,3,18,5,2,3,
単語の意味,4択,fish,魚,キリン,ゾウ,パンダ,魚,
単語の意味,4択,tenth,10日,3日,4日,28日,10日,
単語の意味,4択,salad,サラダ,ホットケーキ,ジャム,ピザ,サラダ,
単語の意味,4択,mango,マンゴー,レモン,スイカ,メロン,マンゴー,
単語の意味,4択,twelfth,12日,2日,17日,18日,12日,
単語の意味,4択,whale,クジラ,コアラ,ウマ,魚,クジラ,
単語の意味,4択,baseball,野球,サッカー,バスケットボール,バドミントン,野球,
単語の意味,4択,tennis,テニス,バドミントン,バレーボール,野球,テニス,
単語の意味,4択,cookies,クッキー,サラダ,オムレツ,ホットケーキ,クッキー,
単語の意味,4択,zoo,動物園,城,寺,神社,動物園,
単語の意味,4択,uncle,おじ,いとこ,親,母,おじ,
単語の意味,4択,orange,オレンジ,スイカ,キウイ,イチゴ,オレンジ,
単語の意味,4択,kiwi,キウイ,バナナ,スイカ,レモン,キウイ,
単語の意味,4択,Thursday,木曜日,水曜日,月曜日,金曜日,木曜日,
単語の意味,4択,bookstore,本屋,神社,駅,図書館,本屋,
単語の意味,4択,recorder,リコーダー,ギター,ピアノ,ドラム,リコーダー,
単語の意味,4択,pizza,ピザ,サラダ,ジャム,クッキー,ピザ,
単語の意味,4択,cake,ケーキ,ピザ,クッキー,ジャム,ケーキ,
単語の意味,4択,bitter,苦い,とてもおいしい,すっぱい,甘い,苦い,
単語の意味,4択,panda,パンダ,ブタ,ネコ,イルカ,パンダ,
単語の意味,4択,November,11月,5月,9月,2月,11月,
単語の意味,4択,omelet,オムレツ,ピザ,ホットケーキ,ケーキ,オムレツ,
単語の意味,4択,Monday,月曜日,木曜日,火曜日,土曜日,月曜日,
単語の意味,4択,delicious,とてもおいしい,苦い,すっぱい,甘い,とてもおいしい,
単語の意味,4択,seventh,7日,31日,20日,23日,7日,
単語の意味,4択,fourteen,14,16,5,30,14,
単語の意味,4択,eighteenth,18日,8日,29日,11日,18日,
単語の意味,4択,watermelon,スイカ,メロン,マンゴー,ブドウ,スイカ,
単語の意味,4択,dance,ダンスをする,スケートをする,泳ぐ,スキーをする,ダンスをする,
単語の意味,4択,skate,スケートをする,ダンスをする,スキーをする,泳ぐ,スケートをする,
単語の意味,4択,brave,勇敢な,強い,おだやかな,親切な,勇敢な,
単語の意味,4択,kind,親切な,人なつっこい,勇敢な,強い,親切な,
単語の意味,4択,June,6月,1月,2月,5月,6月,
単語の意味,4択,twenty-third,23日,26日,17日,15日,23日,
単語の意味,4択,castle,城,動物園,駅,本屋,城,
単語の意味,4択,cute,かわいい,わくわくさせる,すばらしい,美しい,かわいい,
単語の意味,4択,eleventh,11日,26日,14日,27日,11日,
単語の意味,4択,music,音楽,国語,英語,体育,音楽,
単語の意味,4択,seventeen,17,1000,90,9,17,
単語の意味,4択,brother,兄・弟,親,姉・妹,赤ちゃん,兄・弟,
単語の意味,4択,clever,かしこい,厳しい,おだやかな,人なつっこい,かしこい,
単語の意味,4択,spring,春,秋,夏,冬,春,
単語の意味,4択,friendly,人なつっこい,親切な,おだやかな,かしこい,人なつっこい,
単語の意味,4択,two,2,17,8,70,2,
単語の意味,4択,frog,カエル,クジラ,ブタ,ネコ,カエル,
単語の意味,4択,soccer,サッカー,バスケットボール,バドミントン,野球,サッカー,
単語の意味,4択,melon,メロン,オレンジ,バナナ,レモン,メロン,
単語の意味,4択,twentieth,20日,11日,16日,27日,20日,
単語の意味,4択,temple,寺,体育館,スーパーマーケット,病院,寺,
単語の意味,4択,fox,キツネ,ゾウ,鳥,ウマ,キツネ,
単語の意味,4択,hospital,病院,スーパーマーケット,動物園,駅,病院,
単語の意味,4択,peach,モモ,リンゴ,パイナップル,メロン,モモ,
単語の意味,4択,sheep,ヒツジ,ウサギ,カメ,イヌ,ヒツジ,
単語の意味,4択,social studies,社会,体育,理科,音楽,社会,
単語の意味,4択,rabbit,ウサギ,ライオン,クジラ,イルカ,ウサギ,
単語の意味,4択,January,1月,3月,4月,9月,1月,
単語の意味,4択,pen,ペン,家,ノート,学校,ペン,
単語の意味,4択,sister,姉・妹,祖父,親,おじ,姉・妹,
単語の意味,4択,math,数学,国語,音楽,美術,数学,
単語の意味,4択,eighteen,18,1,20,4,18,
単語の意味,4択,kangaroo,カンガルー,カメ,キツネ,ネコ,カンガルー,
単語の意味,4択,cloudy,くもりの,寒い,雪の,暖かい,くもりの,
単語の意味,4択,twenty-second,22日,4日,28日,7日,22日,
単語の意味,4択,book,本,生徒,かばん,学校,本,
単語の意味,4択,jam,ジャム,ピザ,サラダ,ケーキ,ジャム,
単語の意味,4択,strawberry,イチゴ,オレンジ,ブドウ,バナナ,イチゴ,
単語の意味,4択,station,駅,本屋,図書館,体育館,駅,
単語の意味,4択,sunny,晴れの,雪の,寒い,雨の,晴れの,
単語の意味,4択,teacher,先生,ペン,ノート,本,先生,
単語の意味,4択,gym,体育館,神社,駅,スーパーマーケット,体育館,
単語の意味,4択,lion,ライオン,キツネ,カンガルー,サル,ライオン,
単語の意味,4択,thirteen,13,4,40,60,13,
単語の意味,4択,forty,40,18,1,14,40,
単語の意味,4択,pancake,ホットケーキ,サラダ,ケーキ,ピザ,ホットケーキ,
単語の意味,4択,thousand,1000,18,21,15,1000,
単語の意味,4択,notebook,ノート,名前,友だち,かばん,ノート,
単語の意味,4択,strict,厳しい,人なつっこい,賢明な,親切な,厳しい,
単語の意味,4択,school,学校,本,友だち,ペン,学校,
単語の意味,4択,fifty,50,3,13,1,50,
単語の意味,4択,wonderful,すばらしい,危険な,おかしい,かわいい,すばらしい,
単語の意味,4択,summer,夏,冬,春,秋,夏,
単語の意味,4択,thirty,30,10,20,11,30,
単語の意味,4択,twenty-first,21日,31日,7日,20日,21日,
単語の意味,4択,lemon,レモン,オレンジ,メロン,モモ,レモン,
単語の意味,4択,Wednesday,水曜日,土曜日,月曜日,火曜日,水曜日,
単語の意味,4択,Japanese,国語,数学,美術,理科,国語,
単語の意味,4択,friend,友だち,本,ペン,生徒,友だち,
単語の意味,4択,banana,バナナ,マンゴー,レモン,イチゴ,バナナ,
単語の意味,4択,thirteenth,13日,15日,27日,26日,13日,
単語の意味,4択,swim,泳ぐ,スケートをする,ダンスをする,スキーをする,泳ぐ,
単語の意味,4択,snowy,雪の,寒い,くもりの,晴れの,雪の,
単語の意味,4択,name,名前,生徒,友だち,ノート,名前,
単語の意味,4択,volleyball,バレーボール,野球,サッカー,テニス,バレーボール,
単語の意味,4択,ten,10,100,14,4,10,
単語の意味,4択,grandfather,祖父,おじ,兄・弟,姉・妹,祖父,
単語の意味,4択,turtle,カメ,カエル,魚,サル,カメ,
単語の意味,4択,ninth,9日,25日,15日,27日,9日,
単語の意味,4択,P.E.,体育,理科,美術,音楽,体育,
単語の意味,4択,February,2月,1月,6月,9月,2月,
単語の意味,4択,ninety,90,15,60,2,90,
単語の意味,4択,fifth,5日,23日,12日,2日,5日,
単語の意味,4択,four,4,13,17,16,4,
単語の意味,4択,first,1日,11日,21日,31日,1日,
単語の意味,4択,cold,寒い,くもりの,雨の,雪の,寒い,
単語の意味,4択,fifteenth,15日,8日,20日,18日,15日,
単語の意味,4択,library,図書館,神社,動物園,寺,図書館,
単語の意味,4択,mother,母,おば,父,おじ,母,
単語の意味,4択,salty,塩辛い,苦い,甘い,とてもおいしい,塩辛い,
単語の意味,4択,eight,8,80,4,13,8,
単語の意味,4択,dog,イヌ,キリン,トラ,キツネ,イヌ,
単語の意味,4択,seventy,70,1000,11,18,70,
単語の意味,4択,grandmother,祖母,祖父,おば,おじ,祖母,
スペリング,スペリング,「鳥」を英語で,,,,,bird,
スペリング,スペリング,「20日」を英語で（日付）,,,,,twentieth,
スペリング,スペリング,「ウシ」を英語で,,,,,cow,
スペリング,スペリング,「1月」を英語で,,,,,January,
スペリング,スペリング,「23日」を英語で（日付）,,,,,twenty-third,
スペリング,スペリング,「6日」を英語で（日付）,,,,,sixth,
スペリング,スペリング,「興味深い」を英語で,,,,,interesting,
スペリング,スペリング,「晴れの」を英語で,,,,,sunny,
スペリング,スペリング,「親切な」を英語で,,,,,kind,
スペリング,スペリング,「おば」を英語で,,,,,aunt,
スペリング,スペリング,「2」を英語で（数）,,,,,two,
スペリング,スペリング,「美術」を英語で,,,,,art,
スペリング,スペリング,「19」を英語で（数）,,,,,nineteen,
スペリング,スペリング,「7月」を英語で,,,,,July,
スペリング,スペリング,「コアラ」を英語で,,,,,koala,
スペリング,スペリング,「15日」を英語で（日付）,,,,,fifteenth,
スペリング,スペリング,「祖母」を英語で,,,,,grandmother,
スペリング,スペリング,「暖かい」を英語で,,,,,warm,
スペリング,スペリング,「90」を英語で（数）,,,,,ninety,
スペリング,スペリング,「イルカ」を英語で,,,,,dolphin,
スペリング,スペリング,「サッカー」を英語で,,,,,soccer,
スペリング,スペリング,「甘い」を英語で,,,,,sweet,
スペリング,スペリング,「おかしい」を英語で,,,,,funny,
スペリング,スペリング,「すっぱい」を英語で,,,,,sour,
スペリング,スペリング,「おじ」を英語で,,,,,uncle,
スペリング,スペリング,「5月」を英語で,,,,,May,
スペリング,スペリング,「スイカ」を英語で,,,,,watermelon,
スペリング,スペリング,「オムレツ」を英語で,,,,,omelet,
スペリング,スペリング,「カエル」を英語で,,,,,frog,
スペリング,スペリング,「11」を英語で（数）,,,,,eleven,
スペリング,スペリング,「3月」を英語で,,,,,March,
スペリング,スペリング,「ノート」を英語で,,,,,notebook,
スペリング,スペリング,「土曜日」を英語で,,,,,Saturday,
スペリング,スペリング,「病院」を英語で,,,,,hospital,
スペリング,スペリング,「学校」を英語で,,,,,school,
スペリング,スペリング,「親」を英語で,,,,,parent,
スペリング,スペリング,「数学」を英語で,,,,,math,
スペリング,スペリング,「雪の」を英語で,,,,,snowy,
スペリング,スペリング,「かわいい」を英語で,,,,,cute,
スペリング,スペリング,「父」を英語で,,,,,father,
スペリング,スペリング,「リンゴ」を英語で,,,,,apple,
スペリング,スペリング,「友だち」を英語で,,,,,friend,
スペリング,スペリング,「木曜日」を英語で,,,,,Thursday,
スペリング,スペリング,「15」を英語で（数）,,,,,fifteen,
スペリング,スペリング,「ウマ」を英語で,,,,,horse,
スペリング,スペリング,「オレンジ」を英語で,,,,,orange,
スペリング,スペリング,「フルート」を英語で,,,,,flute,
スペリング,スペリング,「バスケットボール」を英語で,,,,,basketball,
スペリング,スペリング,「ホットケーキ」を英語で,,,,,pancake,
スペリング,スペリング,「姉・妹」を英語で,,,,,sister,
スペリング,スペリング,「名前」を英語で,,,,,name,
スペリング,スペリング,「7日」を英語で（日付）,,,,,seventh,
スペリング,スペリング,「11月」を英語で,,,,,November,
スペリング,スペリング,「10月」を英語で,,,,,October,
スペリング,スペリング,「29日」を英語で（日付）,,,,,twenty-ninth,
スペリング,スペリング,「ピザ」を英語で,,,,,pizza,
スペリング,スペリング,「60」を英語で（数）,,,,,sixty,
スペリング,スペリング,「寒い」を英語で,,,,,cold,
スペリング,スペリング,「先生」を英語で,,,,,teacher,
スペリング,スペリング,「日曜日」を英語で,,,,,Sunday,
スペリング,スペリング,「30日」を英語で（日付）,,,,,thirtieth,
スペリング,スペリング,「30」を英語で（数）,,,,,thirty,
スペリング,スペリング,「キツネ」を英語で,,,,,fox,
スペリング,スペリング,「理科」を英語で,,,,,science,
スペリング,スペリング,「100」を英語で（数）,,,,,hundred,
スペリング,スペリング,「ヘビ」を英語で,,,,,snake,
スペリング,スペリング,「くもりの」を英語で,,,,,cloudy,
スペリング,スペリング,「4日」を英語で（日付）,,,,,fourth,
スペリング,スペリング,「兄・弟」を英語で,,,,,brother,
スペリング,スペリング,「魚」を英語で,,,,,fish,
スペリング,スペリング,「トラ」を英語で,,,,,tiger,
スペリング,スペリング,「苦い」を英語で,,,,,bitter,
スペリング,スペリング,「雨の」を英語で,,,,,rainy,
スペリング,スペリング,「18日」を英語で（日付）,,,,,eighteenth,
スペリング,スペリング,「メロン」を英語で,,,,,melon,
スペリング,スペリング,「10」を英語で（数）,,,,,ten,
スペリング,スペリング,「ドラム」を英語で,,,,,drums,
スペリング,スペリング,「17」を英語で（数）,,,,,seventeen,
スペリング,スペリング,「城」を英語で,,,,,castle,
スペリング,スペリング,「70」を英語で（数）,,,,,seventy,
スペリング,スペリング,「サラダ」を英語で,,,,,salad,
スペリング,スペリング,「夏」を英語で,,,,,summer,
スペリング,スペリング,「9」を英語で（数）,,,,,nine,
スペリング,スペリング,「40」を英語で（数）,,,,,forty,
スペリング,スペリング,「金曜日」を英語で,,,,,Friday,
スペリング,スペリング,「塩辛い」を英語で,,,,,salty,
スペリング,スペリング,「3日」を英語で（日付）,,,,,third,
スペリング,スペリング,「9月」を英語で,,,,,September,
スペリング,スペリング,「とてもおいしい」を英語で,,,,,delicious,
スペリング,スペリング,「バイオリン」を英語で,,,,,violin,
スペリング,スペリング,「テニス」を英語で,,,,,tennis,
スペリング,スペリング,「神社」を英語で,,,,,shrine,
スペリング,スペリング,「ペン」を英語で,,,,,pen,
スペリング,スペリング,「ゾウ」を英語で,,,,,elephant,
スペリング,スペリング,「キリン」を英語で,,,,,giraffe,
スペリング,スペリング,「ジャム」を英語で,,,,,jam,
スペリング,スペリング,「20」を英語で（数）,,,,,twenty,
スペリング,スペリング,「わくわくする」を英語で,,,,,exciting,
スペリング,スペリング,「動物園」を英語で,,,,,zoo,
スペリング,スペリング,「12日」を英語で（日付）,,,,,twelfth,
スペリング,スペリング,「ネコ」を英語で,,,,,cat,
スペリング,スペリング,「いとこ」を英語で,,,,,cousin,
スペリング,スペリング,「危険な」を英語で,,,,,dangerous,
スペリング,スペリング,「ライオン」を英語で,,,,,lion,
スペリング,スペリング,「クジラ」を英語で,,,,,whale,
スペリング,スペリング,「21」を英語で（数）,,,,,twenty-one,
スペリング,スペリング,「祖父」を英語で,,,,,grandfather,
スペリング,スペリング,「生徒」を英語で,,,,,student,
スペリング,スペリング,「ブドウ」を英語で,,,,,grapes,
スペリング,スペリング,「ウサギ」を英語で,,,,,rabbit,
スペリング,スペリング,「賢明な」を英語で,,,,,wise,
スペリング,スペリング,「野球」を英語で,,,,,baseball,
スペリング,スペリング,「パンダ」を英語で,,,,,panda,
スペリング,スペリング,「家」を英語で,,,,,house,
スペリング,スペリング,「2月」を英語で,,,,,February,
スペリング,スペリング,「寺」を英語で,,,,,temple,
スペリング,スペリング,「体育館」を英語で,,,,,gym,
スペリング,スペリング,「18」を英語で（数）,,,,,eighteen,
スペリング,スペリング,「8」を英語で（数）,,,,,eight,
スペリング,スペリング,「4月」を英語で,,,,,April,
スペリング,スペリング,「イチゴ」を英語で,,,,,strawberry,
スペリング,スペリング,「厳しい」を英語で,,,,,strict,
スペリング,スペリング,「14」を英語で（数）,,,,,fourteen,
スペリング,スペリング,「ヒツジ」を英語で,,,,,sheep,
スペリング,スペリング,「強い」を英語で,,,,,strong,
スペリング,スペリング,「16日」を英語で（日付）,,,,,sixteenth,
スペリング,スペリング,「ブタ」を英語で,,,,,pig,
スペリング,スペリング,「ギター」を英語で,,,,,guitar,
スペリング,スペリング,「スーパーマーケット」を英語で,,,,,supermarket,
スペリング,スペリング,「水曜日」を英語で,,,,,Wednesday,
スペリング,スペリング,「バレーボール」を英語で,,,,,volleyball,
スペリング,スペリング,「マンゴー」を英語で,,,,,mango,
スペリング,スペリング,「7」を英語で（数）,,,,,seven,
スペリング,スペリング,「5日」を英語で（日付）,,,,,fifth,
スペリング,スペリング,「5」を英語で（数）,,,,,five,
スペリング,スペリング,「冬」を英語で,,,,,winter,
スペリング,スペリング,「レモン」を英語で,,,,,lemon,
スペリング,スペリング,「12月」を英語で,,,,,December,
スペリング,スペリング,「スケートをする」を英語で,,,,,skate,
スペリング,スペリング,「14日」を英語で（日付）,,,,,fourteenth,
スペリング,スペリング,「バナナ」を英語で,,,,,banana,
スペリング,スペリング,「ケーキ」を英語で,,,,,cake,
スペリング,スペリング,「4」を英語で（数）,,,,,four,
スペリング,スペリング,「1日」を英語で（日付）,,,,,first,
スペリング,スペリング,「25日」を英語で（日付）,,,,,twenty-fifth,
スペリング,スペリング,「イヌ」を英語で,,,,,dog,
スペリング,スペリング,「17日」を英語で（日付）,,,,,seventeenth,
スペリング,スペリング,「かしこい」を英語で,,,,,clever,
スペリング,スペリング,「13」を英語で（数）,,,,,thirteen,
スペリング,スペリング,「国語」を英語で,,,,,Japanese,
スペリング,スペリング,「26日」を英語で（日付）,,,,,twenty-sixth,
スペリング,スペリング,「クッキー」を英語で,,,,,cookies,
スペリング,スペリング,「9日」を英語で（日付）,,,,,ninth,
スペリング,スペリング,「31日」を英語で（日付）,,,,,thirty-first,
スペリング,スペリング,「モモ」を英語で,,,,,peach,
スペリング,スペリング,「11日」を英語で（日付）,,,,,eleventh,
スペリング,スペリング,「1000」を英語で（数）,,,,,thousand,
スペリング,スペリング,「10日」を英語で（日付）,,,,,tenth,
スペリング,スペリング,「図書館」を英語で,,,,,library,
スペリング,スペリング,「本屋」を英語で,,,,,bookstore,
スペリング,スペリング,「ダンスをする」を英語で,,,,,dance,
スペリング,スペリング,「母」を英語で,,,,,mother,
スペリング,スペリング,「スキーをする」を英語で,,,,,ski,
スペリング,スペリング,「勇敢な」を英語で,,,,,brave,
スペリング,スペリング,「赤ちゃん」を英語で,,,,,baby,
スペリング,スペリング,「8月」を英語で,,,,,August,
スペリング,スペリング,「カメ」を英語で,,,,,turtle,
スペリング,スペリング,「すばらしい」を英語で,,,,,wonderful,
スペリング,スペリング,「月曜日」を英語で,,,,,Monday,
スペリング,スペリング,「英語」を英語で,,,,,English,
スペリング,スペリング,「火曜日」を英語で,,,,,Tuesday,
スペリング,スペリング,「バドミントン」を英語で,,,,,badminton,
スペリング,スペリング,「3」を英語で（数）,,,,,three,
スペリング,スペリング,「泳ぐ」を英語で,,,,,swim,
スペリング,スペリング,「12」を英語で（数）,,,,,twelve,
スペリング,スペリング,「ピアノ」を英語で,,,,,piano,
スペリング,スペリング,「かばん」を英語で,,,,,bag,
スペリング,スペリング,「本」を英語で,,,,,book,
スペリング,スペリング,「1」を英語で（数）,,,,,one,
スペリング,スペリング,「家族」を英語で,,,,,family,
スペリング,スペリング,「6」を英語で（数）,,,,,six,
スペリング,スペリング,「美しい」を英語で,,,,,beautiful,
スペリング,スペリング,「13日」を英語で（日付）,,,,,thirteenth,
スペリング,スペリング,「おだやかな」を英語で,,,,,gentle,
スペリング,スペリング,「16」を英語で（数）,,,,,sixteen,
スペリング,スペリング,「音楽」を英語で,,,,,music,
スペリング,スペリング,「サル」を英語で,,,,,monkey,
スペリング,スペリング,「19日」を英語で（日付）,,,,,nineteenth,
スペリング,スペリング,「人なつっこい」を英語で,,,,,friendly,
スペリング,スペリング,「6月」を英語で,,,,,June,
スペリング,スペリング,「80」を英語で（数）,,,,,eighty,
スペリング,スペリング,「キウイ」を英語で,,,,,kiwi,
スペリング,スペリング,「50」を英語で（数）,,,,,fifty,
スペリング,スペリング,「21日」を英語で（日付）,,,,,twenty-first,
スペリング,スペリング,「カンガルー」を英語で,,,,,kangaroo,
スペリング,スペリング,「春」を英語で,,,,,spring,
スペリング,スペリング,「パイナップル」を英語で,,,,,pineapple,
スペリング,スペリング,「2日」を英語で（日付）,,,,,second,
スペリング,スペリング,「8日」を英語で（日付）,,,,,eighth,
スペリング,スペリング,「駅」を英語で,,,,,station,
文法,二択,We ( ) baseball.,play,plays,,,play,主語が We なので s はつけない。
文法,二択,We ( ) water.,need,needs,,,need,主語が We なので s はつけない。
文法,二択,They ( ) science.,like,likes,,,like,主語が They なので s はつけない。
文法,二択,We ( ) tennis.,play,plays,,,play,主語が We なので s はつけない。
文法,二択,You and I ( ) students.,is,are,,,are,複数の主語なので are。
文法,二択,( ) he your friend?,Is,Do,,,Is,be 動詞の疑問文は Is。
文法,二択,I have three ( ).,cat,cats,,,cats,2つ以上は複数形。
文法,二択,I ( ) water.,need,needs,,,need,主語が I なので s はつけない。
文法,二択,This is ( ) book.（あなたの）,your,you,,,your,「あなたの」は your。
文法,二択,I ( ) science.,like,likes,,,like,主語が I なので s はつけない。
文法,二択,My teacher ( ) my friend.,is,are,,,is,主語が単数なので is。
文法,二択,This is ( ) cat.（私の）,my,we,,,my,「私の」は my。
文法,二択,( ) you have a dog?,Do,Are,,,Do,一般動詞の疑問文は Do。
文法,二択,We ( ) a bike.,have,has,,,have,主語が We なので s はつけない。
文法,二択,Their teacher ( ) new.,is,are,,,is,主語が単数なので is。
文法,二択,We ( ) apples.,like,likes,,,like,主語が We なので s はつけない。
文法,二択,I ( ) eat natto.,don't,aren't,,,don't,一般動詞の否定は do not。
文法,二択,I ( ) strong.,am,are,,,am,主語が I のとき be 動詞は am。
文法,二択,They ( ) tennis.,play,plays,,,play,主語が They なので s はつけない。
文法,二択,This is ( ) cat.（あなたの）,your,my,,,your,「あなたの」は your。
文法,二択,You ( ) math.,study,studies,,,study,主語が You なので s はつけない。
文法,二択,This is ( ) bike.（あなたの）,your,my,,,your,「あなたの」は your。
文法,二択,You ( ) bananas.,eat,eats,,,eat,主語が You なので s はつけない。
文法,二択,( ) you a student?,Are,Do,,,Are,be 動詞の疑問文は Are。
文法,二択,( ) you have a pen?,Do,Are,,,Do,一般動詞の疑問文は Do。
文法,二択,This is ( ) bag.（あなたの）,your,my,,,your,「あなたの」は your。
文法,二択,I ( ) a pen.,have,has,,,have,主語が I なので s はつけない。
文法,二択,They ( ) baseball.,play,plays,,,play,主語が They なので s はつけない。
文法,二択,You ( ) a teacher.,am,are,,,are,主語が you のとき be 動詞は are。
文法,二択,I ( ) math.,study,studies,,,study,主語が I なので s はつけない。
文法,二択,My mother ( ) a student.,is,are,,,is,主語が単数なので is。
文法,二択,We ( ) Japanese.,study,studies,,,study,主語が We なので s はつけない。
文法,二択,They ( ) the guitar.,play,plays,,,play,主語が They なので s はつけない。
文法,二択,She ( ) a student.,is,are,,,is,主語が単数なので is。
文法,二択,We ( ) math.,study,is,,,study,主語が We なので s はつけない。
文法,二択,We ( ) an apple.,want,wants,,,want,主語が We なので s はつけない。
文法,二択,It is ( ) bag.（あなたの、あなたたちの）,your,you,,,your,「あなたの」も「あなたたちの」も your。
文法,二択,I have five ( ).,cat,cats,,,cats,2つ以上は複数形。
文法,二択,I ( ) play with dogs.,don't,aren't,,,don't,一般動詞の否定は do not。
文法,二択,I ( ) an apple.,want,wants,,,want,主語が I なので s はつけない。
文法,二択,( ) you have a bike?,Do,Are,,,Do,一般動詞の疑問文は Do。
文法,二択,They ( ) comics.,read,reads,,,read,主語が They なので s はつけない。
文法,二択,( ) you like music?,Do,Are,,,Do,一般動詞の疑問文は Do。
文法,二択,You ( ) a pen.,have,has,,,have,主語が You なので s はつけない。
文法,二択,You ( ) a student.,am,are,,,are,主語が you のとき be 動詞は are。
文法,二択,This ( ) a student.,is,are,,,is,主語が単数なので is。
文法,二択,This is ( ) pen.（あなたの）,your,my,,,your,「あなたの」は your。
文法,二択,They are ( ) bike.（彼らの）,their,your,,,their,「彼らの」は their。
文法,二択,They ( ) curry and rice.,cook,cooks,,,cook,主語が They なので s はつけない。
文法,二択,I ( ) comics.,read,reads,,,read,主語が I なので s はつけない。
文法,二択,I ( ) a bike.,have,has,,,have,主語が I なので s はつけない。
文法,二択,She ( ) my friend.,is,are,,,is,主語が単数なので is。
文法,二択,Ken and I ( ) friends.,is,are,,,are,複数の主語なので are。
文法,二択,I ( ) the guitar.,play,plays,,,play,主語が I なので s はつけない。
文法,二択,It is ( ) bike.（私たちの）,our,your,,,our,「私たちの」は our。
文法,二択,"Do you like tennis? ― Yes, I ( ).",do,am,,,do,Do の疑問文には do で答える。
文法,二択,He ( ) kind.,is,are,,,is,主語が単数なので is。
文法,二択,You ( ) water.,need,needs,,,need,主語が You なので s はつけない。
文法,二択,I ( ) a student.,am,are,,,am,主語が I のとき be 動詞は am。
文法,二択,You ( ) a banana.,want,wants,,,want,主語が You なので s はつけない。
文法,二択,They ( ) a banana.,want,wants,,,want,主語が They なので s はつけない。
文法,二択,You ( ) baseball.,play,plays,,,play,主語が You なので s はつけない。
文法,二択,They ( ) bananas.,eat,eats,,,eat,主語が They なので s はつけない。
文法,二択,We ( ) science.,like,likes,,,like,主語が We なので s はつけない。
文法,二択,They ( ) a pen.,have,has,,,have,主語が They なので s はつけない。
文法,二択,He ( ) my friend.,is,are,,,is,主語が単数なので is。
文法,二択,You ( ) curry and rice.,cook,cooks,,,cook,主語が You なので s はつけない。
文法,二択,They ( ) apples.,like,likes,,,like,主語が They なので s はつけない。
文法,二択,This is ( ) pen.（私の）,my,I,,,my,「私の」は my。
文法,二択,He ( ) new.,is,are,,,is,主語が単数なので is。
文法,二択,That ( ) new.,is,are,,,is,主語が単数なので is。
文法,二択,We ( ) a pen.,have,has,,,have,主語が We なので s はつけない。
文法,二択,You ( ) lunch.,eat,eats,,,eat,主語が You なので s はつけない。
文法,二択,I ( ) lunch.,eat,eats,,,eat,主語が I なので s はつけない。
文法,二択,You ( ) soccer.,play,plays,,,play,主語が You なので s はつけない。
文法,二択,That is ( ) bike.（私の）,my,I,,,my,「私の」は my。
文法,二択,I ( ) music.,like,likes,,,like,主語が I なので s はつけない。
文法,二択,My teacher ( ) kind.,is,are,,,is,主語が単数なので is。
文法,二択,This is ( ) bike.（私たちの）,our,my,,,our,「私たちの」は our。
文法,二択,You ( ) comics.,read,reads,,,read,主語が You なので s はつけない。
文法,二択,I ( ) a cat.,have,has,,,have,主語が I なので s はつけない。
文法,二択,They ( ) soccer.,play,plays,,,play,主語が They なので s はつけない。
文法,二択,We ( ) friends.,is,are,,,are,複数の主語なので are。
文法,二択,Their teachers ( ) Mr. Hiruma and Ms. Yokota.,are,is,,,are,主語が単数なので is。
文法,二択,They ( ) lunch.,eat,eats,,,eat,主語が They なので s はつけない。
文法,二択,( ) you like math?,Do,Are,,,Do,一般動詞の疑問文は Do。
文法,二択,( ) you like apples?,Do,Are,,,Do,一般動詞の疑問文は Do。
文法,二択,They ( ) the piano.,play,plays,,,play,主語が They なので s はつけない。
文法,二択,Their teacher ( ) my father.,is,are,,,is,主語が単数なので is。
文法,二択,They ( ) books.,read,reads,,,read,主語が They なので s はつけない。
文法,二択,That ( ) a student.,is,are,,,is,主語が単数なので is。
文法,二択,I ( ) Japanese.,study,studies,,,study,主語が I なので s はつけない。
文法,二択,They ( ) friends.,is,are,,,are,複数の主語なので are。
文法,二択,They ( ) a dog.,have,has,,,have,主語が They なので s はつけない。
文法,二択,You ( ) apples.,like,likes,,,like,主語が You なので s はつけない。
文法,二択,I ( ) apples.,like,likes,,,like,主語が I なので s はつけない。
文法,二択,My friends ( ) nice.,is,are,,,are,主語が複数なので are。
文法,二択,"Do you like dogs? ― Yes, I ( ).",do,am,,,do,Do の疑問文には do で答える。
文法,二択,( ) you like dogs?,Do,Are,,,Do,一般動詞の疑問文は Do。
文法,二択,This is ( ) bag.（私の）,my,your,,,my,「私の」は my。
文法,二択,They ( ) good friends.,is,are,,,are,複数の主語なので are。
文法,二択,My teacher ( ) new.,is,are,,,is,主語が単数なので is。
文法,二択,I ( ) English.,study,studies,,,study,主語が I なので s はつけない。
文法,二択,You ( ) English.,study,studies,,,study,主語が You なので s はつけない。
文法,二択,We ( ) dogs.,like,likes,,,like,主語が We なので s はつけない。
文法,二択,You ( ) the guitar.,play,plays,,,play,主語が You なので s はつけない。
文法,二択,I ( ) tennis.,play,plays,,,play,主語が I なので s はつけない。
文法,二択,We ( ) books.,read,reads,,,read,主語が We なので s はつけない。
文法,二択,You ( ) tennis.,play,plays,,,play,主語が You なので s はつけない。
文法,二択,I ( )  listen to music.,don't,aren't,,,don't,一般動詞の否定は don't (do not)。
文法,二択,We ( ) a book.,have,has,,,have,主語が We なので s はつけない。
文法,二択,You ( )  grow carrots.,don't,aren't,,,don't,一般動詞の否定は don't (do not)。
文法,二択,( ) you have a cat?,Do,Are,,,Do,一般動詞の疑問文は Do。
文法,二択,You ( ) books.,read,reads,,,read,主語が You なので s はつけない。
文法,二択,I ( ) a book.,have,has,,,have,主語が I なので s はつけない。
文法,二択,We ( ) English.,study,studies,,,study,主語が We なので s はつけない。
文法,二択,We ( ) a banana.,want,is,,,want,主語が We なので s はつけない。
文法,二択,She ( ) kind.,is,are,,,is,主語が単数なので is。
文法,二択,You ( ) a dog.,have,has,,,have,主語が You なので s はつけない。
文法,二択,Ken and I ( ) students.,is,are,,,are,複数の主語なので are。
文法,二択,They ( ) math.,study,studies,,,study,主語が They なので s はつけない。
文法,二択,We ( ) the guitar.,play,plays,,,play,主語が We なので s はつけない。
文法,二択,They ( ) a book.,have,has,,,have,主語が They なので s はつけない。
文法,二択,They ( ) English.,study,studies,,,study,主語が They なので s はつけない。
文法,二択,I ( ) a dog.,have,has,,,have,主語が I なので s はつけない。
文法,二択,I ( ) bananas.,eat,eats,,,eat,主語が I なので s はつけない。
文法,二択,You ( ) strong.,am,are,,,are,主語が you のとき be 動詞は are。
文法,二択,My teacher ( ) a student.,is,are,,,is,主語が単数なので is。
文法,二択,That is ( ) bag.（あなたの）,your,my,,,your,「あなたの」は your。
文法,二択,I ( ) dogs.,like,likes,,,like,主語が I なので s はつけない。
文法,二択,You and I ( ) good friends.,is,are,,,are,複数の主語なので are。
文法,二択,You and I ( ) friends.,is,are,,,are,複数の主語なので are。
文法,二択,I ( ) kind.,am,are,,,am,主語が I のとき be 動詞は am。
文法,二択,We ( ) good friends.,is,are,,,are,複数の主語なので are。
文法,二択,We ( ) the piano.,play,plays,,,play,主語が We なので s はつけない。
文法,二択,You ( ) a cat.,have,has,,,have,主語が You なので s はつけない。
文法,二択,I ( ) from Osaka.,am,are,,,am,主語が I のとき be 動詞は am。
文法,二択,We ( ) bananas.,eat,eats,,,eat,主語が We なので s はつけない。
文法,二択,This ( ) new.,is,are,,,is,主語が単数なので is。
文法,二択,We ( ) lunch.,eat,eats,,,eat,主語が We なので s はつけない。
文法,二択,I ( ) baseball.,play,plays,,,play,主語が I なので s はつけない。
文法,二択,We ( ) students.,is,are,,,are,複数の主語なので are。
文法,二択,That ( ) my friend.,is,are,,,is,主語が単数なので is。
文法,二択,Dogs ( ) nice.,is,are,,,are,主語が複数なので are。
文法,二択,"Do you like apples? ― Yes, I ( ).",do,am,,,do,Do の疑問文には do で答える。
文法,二択,I ( ) curry and rice.,cook,cooks,,,cook,主語が I なので s はつけない。
文法,二択,We ( ) music.,like,likes,,,like,主語が We なので s はつけない。
文法,二択,I have four ( ).,cat,cats,,,cats,2つ以上は複数形。
文法,二択,They ( ) dogs.,like,likes,,,like,主語が They なので s はつけない。
文法,二択,( ) you have a book?,Do,Are,,,Do,一般動詞の疑問文は Do。
文法,二択,You ( ) an apple.,want,wants,,,want,主語が You なので s はつけない。
文法,二択,We ( ) a cat.,have,has,,,have,主語が We なので s はつけない。
文法,二択,That ( ) kind.,is,are,,,is,主語が単数なので is。
文法,二択,They ( ) an apple.,want,wants,,,want,主語が They なので s はつけない。
文法,二択,You ( ) the piano.,play,plays,,,play,主語が You なので s はつけない。
文法,二択,You ( ) a bike.,have,has,,,have,主語が You なので s はつけない。
文法,二択,I ( ) a teacher.,am,are,,,am,主語が I のとき be 動詞は am。
文法,二択,( ) you like cats?,Do,Are,,,Do,一般動詞の疑問文は Do。
文法,二択,He ( ) a student.,is,are,,,is,主語が単数なので is。
文法,二択,My mother ( ) my friend.,is,are,,,is,主語が単数なので is。
文法,二択,Ken and I ( ) good friends.,is,are,,,are,複数の主語なので are。
文法,二択,You ( ) from Osaka.,am,are,,,are,主語が you のとき be 動詞は are。
文法,二択,( ) you like science?,Do,Are,,,Do,一般動詞の疑問文は Do。
文法,二択,Their teacher ( ) kind.,is,are,,,is,主語が単数なので is。
文法,二択,We ( ) soccer.,play,plays,,,play,主語が We なので s はつけない。
文法,二択,They ( ) a bike.,have,has,,,have,主語が They なので s はつけない。
文法,二択,This is ( ) house.（私の）,my,your,,,my,「私の」は my。
文法,二択,This ( ) kind.,is,are,,,is,主語が単数なので is。
文法,二択,These books ( ) nice.,is,are,,,are,主語が複数なので are。
文法,二択,I ( ) like soccer.,don't,aren't,,,don't,一般動詞の否定は don't (do not)。
文法,二択,( ) you like soccer?,Do,Are,,,Do,一般動詞の疑問文は Do。
文法,二択,We ( ) curry and rice.,cook,cooks,,,cook,主語が We なので s はつけない。
文法,二択,This is ( ) book.（私の）,my,your,,,my,「私の」は my。
文法,二択,You ( ) dogs.,like,likes,,,like,主語が You なので s はつけない。
文法,二択,They ( ) students.,is,are,,,are,複数の主語なので are。
文法,二択,You ( ) Japanese.,study,studies,,,study,主語が You なので s はつけない。
文法,二択,They ( ) Japanese.,study,studies,,,study,主語が They なので s はつけない。
文法,二択,This is ( ) notebook.（あなたの）,your,you,,,your,「あなたの」は your。
文法,二択,You ( ) music.,like,likes,,,like,主語が You なので s はつけない。
文法,二択,I ( ) a banana.,want,wants,,,want,主語が I なので s はつけない。
文法,二択,We ( ) a dog.,have,has,,,have,主語が We なので s はつけない。
文法,二択,We ( ) comics.,read,reads,,,read,主語が We なので s はつけない。
文法,二択,I ( ) books.,read,reads,,,read,主語が I なので s はつけない。
文法,二択,This is ( ) dog.（あなたの）,your,my,,,your,「あなたの」は your。
文法,二択,( ) you like tennis?,Do,Are,,,Do,一般動詞の疑問文は Do。
文法,二択,This is ( ) bike.（私の）,my,your,,,my,「私の」は my。
文法,二択,You ( ) science.,like,likes,,,like,主語が You なので s はつけない。
文法,二択,You ( ) kind.,am,are,,,are,主語が you のとき be 動詞は are。
文法,二択,She ( ) new.,is,are,,,is,主語が単数なので is。
文法,二択,You ( ) a book.,have,has,,,have,主語が You なので s はつけない。
文法,二択,I have two ( ).,cat,cats,,,cats,2つ以上は複数形。
文法,二択,I ( ) soccer.,play,plays,,,play,主語が I なので s はつけない。
文法,二択,They ( ) a cat.,have,has,,,have,主語が They なので s はつけない。
文法,二択,They ( ) water.,need,needs,,,need,主語が They なので s はつけない。
文法,二択,This ( ) my friend.,is,are,,,is,主語が単数なので is。
文法,二択,This is ( ) house.（あなたの）,your,you,,,your,「あなたの」は your。
文法,二択,I ( ) the piano.,play,plays,,,play,主語が I なので s はつけない。
文法,二択,My father ( ) new.,is,are,,,is,主語が単数なので is。
文法,二択,They ( ) music.,like,likes,,,like,主語が They なので s はつけない。
文法,二択,My father ( ) kind.,is,are,,,is,主語が単数なので is。
文の訳,4択,I like apples.,私はリンゴが好きです。,私たちはリンゴが好きです。,私はテニスが好きです。,私はリンゴが好きではありません。,私はリンゴが好きです。,
文の訳,4択,I like bananas.,私はバナナが好きです。,彼らはバナナが好きです。,私はリンゴが好きです。,私はバナナが好きではありません。,私はバナナが好きです。,
文の訳,4択,I like oranges.,私はオレンジが好きです。,彼らはオレンジが好きです。,私は数学が好きです。,私はオレンジが好きではありません。,私はオレンジが好きです。,
文の訳,4択,I like lemons.,私はレモンが好きです。,私たちはレモンが好きです。,私は英語が好きです。,私はレモンが好きではありません。,私はレモンが好きです。,
文の訳,4択,I like melons.,私はメロンが好きです。,彼らはメロンが好きです。,私はトラが好きです。,私はメロンが好きではありません。,私はメロンが好きです。,
文の訳,4択,I like peaches.,私はモモが好きです。,私たちはモモが好きです。,私は音楽が好きです。,私はモモが好きではありません。,私はモモが好きです。,
文の訳,4択,I like grapes.,私はブドウが好きです。,彼らはブドウが好きです。,私はネコが好きです。,私はブドウが好きではありません。,私はブドウが好きです。,
文の訳,4択,I love strawberries.,私はイチゴが大好きです。,私たちはイチゴが大好きです。,私はウマが大好きです。,私はイチゴが大好きではありません。,私はイチゴが大好きです。,
文の訳,4択,I like dogs.,私はイヌが好きです。,私たちはイヌが好きです。,私はメロンが好きです。,私はイヌが好きではありません。,私はイヌが好きです。,
文の訳,4択,I like cats.,私はネコが好きです。,彼らはネコが好きです。,私はメロンが好きです。,私はネコが好きではありません。,私はネコが好きです。,
文の訳,4択,I like rabbits.,私はウサギが好きです。,私たちはウサギが好きです。,私はサッカーが好きです。,私はウサギが好きではありません。,私はウサギが好きです。,
文の訳,4択,I like lions.,私はライオンが好きです。,彼らはライオンが好きです。,私は数学が好きです。,私はライオンが好きではありません。,私はライオンが好きです。,
文の訳,4択,I like tigers.,私はトラが好きです。,私たちはトラが好きです。,私は野球が好きです。,私はトラが好きではありません。,私はトラが好きです。,
文の訳,4択,I like pandas.,私はパンダが好きです。,私たちはパンダが好きです。,私はリンゴが好きです。,私はパンダが好きではありません。,私はパンダが好きです。,
文の訳,4択,I like monkeys.,私はサルが好きです。,彼らはサルが好きです。,私はトラが好きです。,私はサルが好きではありません。,私はサルが好きです。,
文の訳,4択,I like horses.,私はウマが好きです。,彼らはウマが好きです。,私は英語が好きです。,私はウマが好きではありません。,私はウマが好きです。,
文の訳,4択,I like birds.,私は鳥が好きです。,彼らは鳥が好きです。,私はレモンが好きです。,私は鳥が好きではありません。,私は鳥が好きです。,
文の訳,4択,I like soccer.,私はサッカーが好きです。,私たちはサッカーが好きです。,私はブドウが好きです。,私はサッカーが好きではありません。,私はサッカーが好きです。,
文の訳,4択,I like tennis.,私はテニスが好きです。,私たちはテニスが好きです。,私はメロンが好きです。,私はテニスが好きではありません。,私はテニスが好きです。,
文の訳,4択,I like baseball.,私は野球が好きです。,彼らは野球が好きです。,私は音楽が好きです。,私は野球が好きではありません。,私は野球が好きです。,
文の訳,4択,I like music.,私は音楽が好きです。,私たちは音楽が好きです。,私はウサギが好きです。,私は音楽が好きではありません。,私は音楽が好きです。,
文の訳,4択,I like art.,私は美術が好きです。,私たちは美術が好きです。,私はウマが好きです。,私は美術が好きではありません。,私は美術が好きです。,
文の訳,4択,I like English.,私は英語が好きです。,彼らは英語が好きです。,私はパンダが好きです。,私は英語が好きではありません。,私は英語が好きです。,
文の訳,4択,I like math.,私は数学が好きです。,彼らは数学が好きです。,私はイヌが好きです。,私は数学が好きではありません。,私は数学が好きです。,
文の訳,4択,I like science.,私は理科が好きです。,私たちは理科が好きです。,私はウマが好きです。,私は理科が好きではありません。,私は理科が好きです。,
文の訳,4択,We like apples.,私たちはリンゴが好きです。,私はリンゴが好きです。,私たちはブドウが好きです。,私たちはリンゴが好きではありません。,私たちはリンゴが好きです。,
文の訳,4択,We like bananas.,私たちはバナナが好きです。,彼らはバナナが好きです。,私たちはイヌが好きです。,私たちはバナナが好きではありません。,私たちはバナナが好きです。,
文の訳,4択,We like oranges.,私たちはオレンジが好きです。,彼らはオレンジが好きです。,私たちはイヌが好きです。,私たちはオレンジが好きではありません。,私たちはオレンジが好きです。,
文の訳,4択,We like lemons.,私たちはレモンが好きです。,彼らはレモンが好きです。,私たちはメロンが好きです。,私たちはレモンが好きではありません。,私たちはレモンが好きです。,
文の訳,4択,We like melons.,私たちはメロンが好きです。,彼らはメロンが好きです。,私たちはサッカーが好きです。,私たちはメロンが好きではありません。,私たちはメロンが好きです。,
文の訳,4択,We like peaches.,私たちはモモが好きです。,彼らはモモが好きです。,私たちはライオンが好きです。,私たちはモモが好きではありません。,私たちはモモが好きです。,
文の訳,4択,We like grapes.,私たちはブドウが好きです。,彼らはブドウが好きです。,私たちはネコが好きです。,私たちはブドウが好きではありません。,私たちはブドウが好きです。,
文の訳,4択,We like strawberries.,私たちはイチゴが好きです。,彼らはイチゴが好きです。,私たちはリンゴが好きです。,私たちはイチゴが好きではありません。,私たちはイチゴが好きです。,
文の訳,4択,We know the dog.,私たちはそのイヌを知っています。,私はそのイヌを知っています。,私たちはそのネコを知っています。,私はそのイヌを知っていません。,私たちはそのイヌを知っています。,
文の訳,4択,We know the cats.,私たちはネコが好きです。,私はネコが好きです。,私たちはサッカーが好きです。,私たちはネコが好きではありません。,私たちはネコが好きです。,
文の訳,4択,We know the rabbits.,私たちはウサギが好きです。,私はウサギが好きです。,私たちはブドウが好きです。,私たちはウサギが好きではありません。,私たちはウサギが好きです。,
文の訳,4択,We like lions.,私たちはライオンが好きです。,彼らはライオンが好きです。,私たちはバナナが好きです。,私たちはライオンが好きではありません。,私たちはライオンが好きです。,
文の訳,4択,We like tigers.,私たちはトラが好きです。,私はトラが好きです。,私たちはレモンが好きです。,私たちはトラが好きではありません。,私たちはトラが好きです。,
文の訳,4択,We like pandas.,私たちはパンダが好きです。,彼らはパンダが好きです。,私たちはブドウが好きです。,私たちはパンダが好きではありません。,私たちはパンダが好きです。,
文の訳,4択,We like monkeys.,私たちはサルが好きです。,私はサルが好きです。,私たちはウサギが好きです。,私たちはサルが好きではありません。,私たちはサルが好きです。,
文の訳,4択,We like horses.,私たちはウマが好きです。,私はウマが好きです。,私たちはブドウが好きです。,私たちはウマが好きではありません。,私たちはウマが好きです。,
文の訳,4択,We like birds.,私たちは鳥が好きです。,私は鳥が好きです。,私たちはモモが好きです。,私たちは鳥が好きではありません。,私たちは鳥が好きです。,
文の訳,4択,We like soccer.,私たちはサッカーが好きです。,私はサッカーが好きです。,私たちはウマが好きです。,私たちはサッカーが好きではありません。,私たちはサッカーが好きです。,
文の訳,4択,We like tennis.,私たちはテニスが好きです。,彼らはテニスが好きです。,私たちは数学が好きです。,私たちはテニスが好きではありません。,私たちはテニスが好きです。,
文の訳,4択,We like baseball.,私たちは野球が好きです。,彼らは野球が好きです。,私たちはパンダが好きです。,私たちは野球が好きではありません。,私たちは野球が好きです。,
文の訳,4択,We like music.,私たちは音楽が好きです。,彼らは音楽が好きです。,私たちはウサギが好きです。,私たちは音楽が好きではありません。,私たちは音楽が好きです。,
文の訳,4択,We like art.,私たちは美術が好きです。,私は美術が好きです。,私たちはテニスが好きです。,私たちは美術が好きではありません。,私たちは美術が好きです。,
文の訳,4択,We like English.,私たちは英語が好きです。,私は英語が好きです。,私たちはリンゴが好きです。,私たちは英語が好きではありません。,私たちは英語が好きです。,
文の訳,4択,We like math.,私たちは数学が好きです。,私は数学が好きです。,私たちはオレンジが好きです。,私たちは数学が好きではありません。,私たちは数学が好きです。,
文の訳,4択,We like science.,私たちは理科が好きです。,彼らは理科が好きです。,私たちはネコが好きです。,私たちは理科が好きではありません。,私たちは理科が好きです。,
文の訳,4択,They like apples.,彼らはリンゴが好きです。,私はリンゴが好きです。,彼らは美術が好きです。,彼らはリンゴが好きではありません。,彼らはリンゴが好きです。,
文の訳,4択,They like bananas.,彼らはバナナが好きです。,私たちはバナナが好きです。,彼らはモモが好きです。,彼らはバナナが好きではありません。,彼らはバナナが好きです。,
文の訳,4択,They like oranges.,彼らはオレンジが好きです。,私たちはオレンジが好きです。,彼らはブドウが好きです。,彼らはオレンジが好きではありません。,彼らはオレンジが好きです。,
文の訳,4択,They like lemons.,彼らはレモンが好きです。,私はレモンが好きです。,彼らは理科が好きです。,彼らはレモンが好きではありません。,彼らはレモンが好きです。,
文の訳,4択,They like melons.,彼らはメロンが好きです。,私たちはメロンが好きです。,彼らは理科が好きです。,彼らはメロンが好きではありません。,彼らはメロンが好きです。,
文の訳,4択,They like peaches.,彼らはモモが好きです。,私たちはモモが好きです。,彼らはライオンが好きです。,彼らはモモが好きではありません。,彼らはモモが好きです。,
文の訳,4択,They like grapes.,彼らはブドウが好きです。,私たちはブドウが好きです。,彼らはイヌが好きです。,彼らはブドウが好きではありません。,彼らはブドウが好きです。,
文の訳,4択,They like strawberries.,彼らはイチゴが好きです。,私たちはイチゴが好きです。,彼らはウサギが好きです。,彼らはイチゴが好きではありません。,彼らはイチゴが好きです。,
文の訳,4択,They like dogs.,彼らはイヌが好きです。,私はイヌが好きです。,彼らはブドウが好きです。,彼らはイヌが好きではありません。,彼らはイヌが好きです。,
文の訳,4択,They like cats.,彼らはネコが好きです。,私たちはネコが好きです。,彼らは野球が好きです。,彼らはネコが好きではありません。,彼らはネコが好きです。,
文の訳,4択,They like rabbits.,彼らはウサギが好きです。,私たちはウサギが好きです。,彼らはネコが好きです。,彼らはウサギが好きではありません。,彼らはウサギが好きです。,
文の訳,4択,They like lions.,彼らはライオンが好きです。,私たちはライオンが好きです。,彼らはテニスが好きです。,彼らはライオンが好きではありません。,彼らはライオンが好きです。,
文の訳,4択,They like tigers.,彼らはトラが好きです。,私はトラが好きです。,彼らは美術が好きです。,彼らはトラが好きではありません。,彼らはトラが好きです。,
文の訳,4択,They like pandas.,彼らはパンダが好きです。,私たちはパンダが好きです。,彼らは数学が好きです。,彼らはパンダが好きではありません。,彼らはパンダが好きです。,
文の訳,4択,They like monkeys.,彼らはサルが好きです。,私たちはサルが好きです。,彼らはメロンが好きです。,彼らはサルが好きではありません。,彼らはサルが好きです。,
文の訳,4択,They like horses.,彼らはウマが好きです。,私はウマが好きです。,彼らはバナナが好きです。,彼らはウマが好きではありません。,彼らはウマが好きです。,
文の訳,4択,They like birds.,彼らは鳥が好きです。,私たちは鳥が好きです。,彼らは理科が好きです。,彼らは鳥が好きではありません。,彼らは鳥が好きです。,
文の訳,4択,They like soccer.,彼らはサッカーが好きです。,私はサッカーが好きです。,彼らはレモンが好きです。,彼らはサッカーが好きではありません。,彼らはサッカーが好きです。,
文の訳,4択,They like tennis.,彼らはテニスが好きです。,私はテニスが好きです。,彼らはライオンが好きです。,彼らはテニスが好きではありません。,彼らはテニスが好きです。,
文の訳,4択,They like baseball.,彼らは野球が好きです。,私は野球が好きです。,彼らは鳥が好きです。,彼らは野球が好きではありません。,彼らは野球が好きです。,
文の訳,4択,They like music.,彼らは音楽が好きです。,私たちは音楽が好きです。,彼らはオレンジが好きです。,彼らは音楽が好きではありません。,彼らは音楽が好きです。,
文の訳,4択,They like art.,彼らは美術が好きです。,私たちは美術が好きです。,彼らはモモが好きです。,彼らは美術が好きではありません。,彼らは美術が好きです。,
文の訳,4択,They like English.,彼らは英語が好きです。,私たちは英語が好きです。,彼らは野球が好きです。,彼らは英語が好きではありません。,彼らは英語が好きです。,
文の訳,4択,They like math.,彼らは数学が好きです。,私は数学が好きです。,彼らはウサギが好きです。,彼らは数学が好きではありません。,彼らは数学が好きです。,
文の訳,4択,They like science.,彼らは理科が好きです。,私たちは理科が好きです。,彼らはサルが好きです。,彼らは理科が好きではありません。,彼らは理科が好きです。,
文の訳,4択,I have a book.,私は本を持っています。,私は本が好きです。,私は自転車を持っています。,私は本を持っていません。,私は本を持っています。,
文の訳,4択,I have a bag.,私はかばんを持っています。,私はかばんが好きです。,私は自転車を持っています。,私はかばんを持っていません。,私はかばんを持っています。,
文の訳,4択,I have a pen.,私はペンを持っています。,私はペンが好きです。,私はウサギを飼っています。,私はペンを持っていません。,私はペンを持っています。,
文の訳,4択,I have a notebook.,私はノートを持っています。,私はノートが好きです。,私は本を持っています。,私はノートを持っていません。,私はノートを持っています。,
文の訳,4択,I have a bike.,私は自転車を持っています。,私は自転車が好きです。,私はノートを持っています。,私は自転車を持っていません。,私は自転車を持っています。,
文の訳,4択,I have a dog.,私はイヌを飼っています。,私はイヌが好きです。,私はカメを飼っています。,私はイヌを飼っていません。,私はイヌを飼っています。,
文の訳,4択,I have a cat.,私はネコを飼っています。,私はネコが好きです。,私はノートを持っています。,私はネコを飼っていません。,私はネコを飼っています。,
文の訳,4択,I have a rabbit.,私はウサギを飼っています。,私はウサギが好きです。,私はカメを飼っています。,私はウサギを飼っていません。,私はウサギを飼っています。,
文の訳,4択,I have a bird.,私は鳥を飼っています。,私は鳥が好きです。,私はかばんを持っています。,私は鳥を飼っていません。,私は鳥を飼っています。,
文の訳,4択,I have a turtle.,私はカメを飼っています。,私はカメが好きです。,私はネコを飼っています。,私はカメを飼っていません。,私はカメを飼っています。,
文の訳,4択,I can play soccer.,私はサッカーができます。,私はサッカーをしません。,私はバドミントンができます。,私はサッカーが好きです。,私はサッカーができます。,
文の訳,4択,I can play tennis.,私はテニスができます。,私はテニスをしません。,私は野球ができます。,私はテニスが好きです。,私はテニスができます。,
文の訳,4択,I can play baseball.,私は野球ができます。,私は野球をしません。,私はバレーボールができます。,私は野球が好きです。,私は野球ができます。,
文の訳,4択,I can play basketball.,私はバスケットボールができます。,私はバスケットボールをしません。,私は野球ができます。,私はバスケットボールが好きです。,私はバスケットボールができます。,
文の訳,4択,I can play volleyball.,私はバレーボールができます。,私はバレーボールをしません。,私はバドミントンができます。,私はバレーボールが好きです。,私はバレーボールができます。,
文の訳,4択,I can play badminton.,私はバドミントンができます。,私はバドミントンをしません。,私は野球ができます。,私はバドミントンが好きです。,私はバドミントンができます。,
文の訳,4択,We can play soccer.,私たちはサッカーができます。,私たちはサッカーをしません。,私たちはバドミントンができます。,私たちはサッカーが好きです。,私たちはサッカーができます。,
文の訳,4択,We can play tennis.,私たちはテニスができます。,私たちはテニスをしません。,私たちは野球ができます。,私たちはテニスが好きです。,私たちはテニスができます。,
文の訳,4択,We can play baseball.,私たちは野球ができます。,私たちは野球をしません。,私たちはバスケットボールができます。,私たちは野球が好きです。,私たちは野球ができます。,
文の訳,4択,We can play basketball.,私たちはバスケットボールができます。,私たちはバスケットボールをしません。,私たちはバレーボールができます。,私たちはバスケットボールが好きです。,私たちはバスケットボールができます。,
文の訳,4択,We can play volleyball.,私たちはバレーボールができます。,私たちはバレーボールをしません。,私たちはテニスができます。,私たちはバレーボールが好きです。,私たちはバレーボールができます。,
文の訳,4択,We can play badminton.,私たちはバドミントンができます。,私たちはバドミントンをしません。,私たちは野球ができます。,私たちはバドミントンが好きです。,私たちはバドミントンができます。,
文の訳,4択,You can play soccer.,あなたはサッカーができます。,あなたはサッカーをしません。,あなたはバスケットボールができます。,あなたはサッカーが好きです。,あなたはサッカーができます。,
文の訳,4択,You can play tennis.,あなたはテニスができます。,あなたはテニスをしません。,あなたはバスケットボールができます。,あなたはテニスが好きです。,あなたはテニスができます。,
文の訳,4択,You can play baseball.,あなたは野球ができます。,あなたは野球をしません。,あなたはサッカーができます。,あなたは野球が好きです。,あなたは野球ができます。,
文の訳,4択,You can play basketball.,あなたはバスケットボールができます。,あなたはバスケットボールをしません。,あなたはバレーボールができます。,あなたはバスケットボールが好きです。,あなたはバスケットボールができます。,
文の訳,4択,You can play volleyball.,あなたはバレーボールができます。,あなたはバレーボールをしません。,あなたは野球ができます。,あなたはバレーボールが好きです。,あなたはバレーボールができます。,
文の訳,4択,You can play badminton.,あなたはバドミントンができます。,あなたはバドミントンをしません。,あなたはバスケットボールができます。,あなたはバドミントンが好きです。,あなたはバドミントンができます。,
文の訳,4択,They can play soccer.,彼らはサッカーができます。,彼らはサッカーをしません。,彼らはバレーボールができます。,彼らはサッカーが好きです。,彼らはサッカーができます。,
文の訳,4択,They can play tennis.,彼らはテニスができます。,彼らはテニスをしません。,彼らはサッカーができます。,彼らはテニスが好きです。,彼らはテニスができます。,
文の訳,4択,They can play baseball.,彼らは野球ができます。,彼らは野球をしません。,彼らはバドミントンができます。,彼らは野球が好きです。,彼らは野球ができます。,
文の訳,4択,They can play basketball.,彼らはバスケットボールができます。,彼らはバスケットボールをしません。,彼らはテニスができます。,彼らはバスケットボールが好きです。,彼らはバスケットボールができます。,
文の訳,4択,They can play volleyball.,彼らはバレーボールができます。,彼らはバレーボールをしません。,彼らはバスケットボールができます。,彼らはバレーボールが好きです。,彼らはバレーボールができます。,
文の訳,4択,They can play badminton.,彼らはバドミントンができます。,彼らはバドミントンをしません。,彼らは野球ができます。,彼らはバドミントンが好きです。,彼らはバドミントンができます。,
文の訳,4択,He can play soccer.,彼はサッカーができます。,彼はサッカーをしません。,彼はテニスができます。,彼はサッカーが好きです。,彼はサッカーができます。,
文の訳,4択,He can play tennis.,彼はテニスができます。,彼はテニスをしません。,彼は野球ができます。,彼はテニスが好きです。,彼はテニスができます。,
文の訳,4択,He can play baseball.,彼は野球ができます。,彼は野球をしません。,彼はサッカーができます。,彼は野球が好きです。,彼は野球ができます。,
文の訳,4択,He can play basketball.,彼はバスケットボールができます。,彼はバスケットボールをしません。,彼はバレーボールができます。,彼はバスケットボールが好きです。,彼はバスケットボールができます。,
文の訳,4択,He can play volleyball.,彼はバレーボールができます。,彼はバレーボールをしません。,彼は野球ができます。,彼はバレーボールが好きです。,彼はバレーボールができます。,
文の訳,4択,He can play badminton.,彼はバドミントンができます。,彼はバドミントンをしません。,彼はサッカーができます。,彼はバドミントンが好きです。,彼はバドミントンができます。,
文の訳,4択,She can play soccer.,彼女はサッカーができます。,彼女はサッカーをしません。,彼女はバドミントンができます。,彼女はサッカーが好きです。,彼女はサッカーができます。,
文の訳,4択,She can play tennis.,彼女はテニスができます。,彼女はテニスをしません。,彼女はバスケットボールができます。,彼女はテニスが好きです。,彼女はテニスができます。,
文の訳,4択,She can play baseball.,彼女は野球ができます。,彼女は野球をしません。,彼女はバスケットボールができます。,彼女は野球が好きです。,彼女は野球ができます。,
文の訳,4択,She can play basketball.,彼女はバスケットボールができます。,彼女はバスケットボールをしません。,彼女はバドミントンができます。,彼女はバスケットボールが好きです。,彼女はバスケットボールができます。,
文の訳,4択,She can play volleyball.,彼女はバレーボールができます。,彼女はバレーボールをしません。,彼女は野球ができます。,彼女はバレーボールが好きです。,彼女はバレーボールができます。,
文の訳,4択,She can play badminton.,彼女はバドミントンができます。,彼女はバドミントンをしません。,彼女は野球ができます。,彼女はバドミントンが好きです。,彼女はバドミントンができます。,
文の訳,4択,I can play the piano.,私はピアノをひけます。,私はピアノをひきません。,私はバイオリンをひけます。,私はピアノがほしいです。,私はピアノをひけます。,
文の訳,4択,I can play the guitar.,私はギターをひけます。,私はギターをひきません。,私はピアノをひけます。,私はギターがほしいです。,私はギターをひけます。,
文の訳,4択,I can play the violin.,私はバイオリンをひけます。,私はバイオリンをひきません。,私はギターをひけます。,私はバイオリンがほしいです。,私はバイオリンをひけます。,
文の訳,4択,I can play the drums.,私はドラムをひけます。,私はドラムをひきません。,私はピアノをひけます。,私はドラムがほしいです。,私はドラムをひけます。,
文の訳,4択,I can play the flute.,私はフルートをひけます。,私はフルートをひきません。,私はドラムをひけます。,私はフルートがほしいです。,私はフルートをひけます。,
文の訳,4択,We can play the piano.,私たちはピアノをひけます。,私たちはピアノをひきません。,私たちはギターをひけます。,私たちはピアノがほしいです。,私たちはピアノをひけます。,
文の訳,4択,We can play the guitar.,私たちはギターをひけます。,私たちはギターをひきません。,私たちはフルートをひけます。,私たちはギターがほしいです。,私たちはギターをひけます。,
文の訳,4択,We can play the violin.,私たちはバイオリンをひけます。,私たちはバイオリンをひきません。,私たちはピアノをひけます。,私たちはバイオリンがほしいです。,私たちはバイオリンをひけます。,
文の訳,4択,We can play the drums.,私たちはドラムをひけます。,私たちはドラムをひきません。,私たちはフルートをひけます。,私たちはドラムがほしいです。,私たちはドラムをひけます。,
文の訳,4択,We can play the flute.,私たちはフルートをひけます。,私たちはフルートをひきません。,私たちはバイオリンをひけます。,私たちはフルートがほしいです。,私たちはフルートをひけます。,
文の訳,4択,You can play the piano.,あなたはピアノをひけます。,あなたはピアノをひきません。,あなたはバイオリンをひけます。,あなたはピアノがほしいです。,あなたはピアノをひけます。,
文の訳,4択,You can play the guitar.,あなたはギターをひけます。,あなたはギターをひきません。,あなたはドラムをひけます。,あなたはギターがほしいです。,あなたはギターをひけます。,
文の訳,4択,You can play the violin.,あなたはバイオリンをひけます。,あなたはバイオリンをひきません。,あなたはドラムをひけます。,あなたはバイオリンがほしいです。,あなたはバイオリンをひけます。,
文の訳,4択,You can play the drums.,あなたはドラムをひけます。,あなたはドラムをひきません。,あなたはバイオリンをひけます。,あなたはドラムがほしいです。,あなたはドラムをひけます。,
文の訳,4択,You can play the flute.,あなたはフルートをひけます。,あなたはフルートをひきません。,あなたはピアノをひけます。,あなたはフルートがほしいです。,あなたはフルートをひけます。,
文の訳,4択,They can play the piano.,彼らはピアノをひけます。,彼らはピアノをひきません。,彼らはギターをひけます。,彼らはピアノがほしいです。,彼らはピアノをひけます。,
文の訳,4択,They can play the guitar.,彼らはギターをひけます。,彼らはギターをひきません。,彼らはドラムをひけます。,彼らはギターがほしいです。,彼らはギターをひけます。,
文の訳,4択,They can play the violin.,彼らはバイオリンをひけます。,彼らはバイオリンをひきません。,彼らはドラムをひけます。,彼らはバイオリンがほしいです。,彼らはバイオリンをひけます。,
文の訳,4択,They can play the drums.,彼らはドラムをひけます。,彼らはドラムをひきません。,彼らはピアノをひけます。,彼らはドラムがほしいです。,彼らはドラムをひけます。,
文の訳,4択,They can play the flute.,彼らはフルートをひけます。,彼らはフルートをひきません。,彼らはギターをひけます。,彼らはフルートがほしいです。,彼らはフルートをひけます。,
文の訳,4択,He can play the piano.,彼はピアノをひけます。,彼はピアノをひきません。,彼はバイオリンをひけます。,彼はピアノがほしいです。,彼はピアノをひけます。,
文の訳,4択,He can play the guitar.,彼はギターをひけます。,彼はギターをひきません。,彼はフルートをひけます。,彼はギターがほしいです。,彼はギターをひけます。,
文の訳,4択,He can play the violin.,彼はバイオリンをひけます。,彼はバイオリンをひきません。,彼はピアノをひけます。,彼はバイオリンがほしいです。,彼はバイオリンをひけます。,
文の訳,4択,He can play the drums.,彼はドラムをひけます。,彼はドラムをひきません。,彼はバイオリンをひけます。,彼はドラムがほしいです。,彼はドラムをひけます。,
文の訳,4択,He can play the flute.,彼はフルートをひけます。,彼はフルートをひきません。,彼はピアノをひけます。,彼はフルートがほしいです。,彼はフルートをひけます。,
文の訳,4択,She can play the piano.,彼女はピアノをひけます。,彼女はピアノをひきません。,彼女はドラムをひけます。,彼女はピアノがほしいです。,彼女はピアノをひけます。,
文の訳,4択,She can play the guitar.,彼女はギターをひけます。,彼女はギターをひきません。,彼女はピアノをひけます。,彼女はギターがほしいです。,彼女はギターをひけます。,
文の訳,4択,She can play the violin.,彼女はバイオリンをひけます。,彼女はバイオリンをひきません。,彼女はギターをひけます。,彼女はバイオリンがほしいです。,彼女はバイオリンをひけます。,
文の訳,4択,She can play the drums.,彼女はドラムをひけます。,彼女はドラムをひきません。,彼女はバイオリンをひけます。,彼女はドラムがほしいです。,彼女はドラムをひけます。,
文の訳,4択,She can play the flute.,彼女はフルートをひけます。,彼女はフルートをひきません。,彼女はバイオリンをひけます。,彼女はフルートがほしいです。,彼女はフルートをひけます。,
文の訳,4択,I can swim.,私は泳げます,私は泳ぎません,私はダンスができます,私は泳ぐが好きです。,私は泳げます,
文の訳,4択,I can ski.,私はスキーができます,私はスキーをしません,私はダンスができます,私はスキーが好きです。,私はスキーができます,
文の訳,4択,I can skate.,私はスケートができます,私はスケートをしません,私は泳げます,私はスケートが好きです。,私はスケートができます,
文の訳,4択,I can dance.,私はダンスができます,私はダンスをしません,私はスケートができます,私はダンスが好きです。,私はダンスができます,
文の訳,4択,We can swim.,私たちは泳げます,私たちは泳ぎません,私たちはスキーができます,私たちは泳ぐが好きです。,私たちは泳げます,
文の訳,4択,We can ski.,私たちはスキーができます,私たちはスキーをしません,私たちはスケートができます,私たちはスキーが好きです。,私たちはスキーができます,
文の訳,4択,We can skate.,私たちはスケートができます,私たちはスケートをしません,私たちはスキーができます,私たちはスケートが好きです。,私たちはスケートができます,
文の訳,4択,We can dance.,私たちはダンスができます,私たちはダンスをしません,私たちは泳げます,私たちはダンスが好きです。,私たちはダンスができます,
文の訳,4択,You can swim.,あなたは泳げます,あなたは泳ぎません,あなたはスケートができます,あなたは泳ぐが好きです。,あなたは泳げます,
文の訳,4択,You can ski.,あなたはスキーができます,あなたはスキーをしません,あなたはダンスができます,あなたはスキーが好きです。,あなたはスキーができます,
文の訳,4択,You can skate.,あなたはスケートができます,あなたはスケートをしません,あなたはダンスができます,あなたはスケートが好きです。,あなたはスケートができます,
文の訳,4択,You can dance.,あなたはダンスができます,あなたはダンスをしません,あなたはスケートができます,あなたはダンスが好きです。,あなたはダンスができます,
文の訳,4択,They can swim.,彼らは泳げます,彼らは泳ぎません,彼らはダンスができます,彼らは泳ぐが好きです。,彼らは泳げます,
文の訳,4択,They can ski.,彼らはスキーができます,彼らはスキーをしません,彼らはスケートができます,彼らはスキーが好きです。,彼らはスキーができます,
文の訳,4択,They can skate.,彼らはスケートができます,彼らはスケートをしません,彼らはダンスができます,彼らはスケートが好きです。,彼らはスケートができます,
文の訳,4択,They can dance.,彼らはダンスができます,彼らはダンスをしません,彼らはスケートができます,彼らはダンスが好きです。,彼らはダンスができます,
文の訳,4択,He can swim.,彼は泳げます,彼は泳ぎません,彼はダンスができます,彼は泳ぐが好きです。,彼は泳げます,
文の訳,4択,He can ski.,彼はスキーができます,彼はスキーをしません,彼はダンスができます,彼はスキーが好きです。,彼はスキーができます,
文の訳,4択,He can skate.,彼はスケートができます,彼はスケートをしません,彼はスキーができます,彼はスケートが好きです。,彼はスケートができます,
文の訳,4択,He can dance.,彼はダンスができます,彼はダンスをしません,彼はスケートができます,彼はダンスが好きです。,彼はダンスができます,
文の訳,4択,She can swim.,彼女は泳げます,彼女は泳ぎません,彼女はダンスができます,彼女は泳ぐが好きです。,彼女は泳げます,
文の訳,4択,She can ski.,彼女はスキーができます,彼女はスキーをしません,彼女は泳げます,彼女はスキーが好きです。,彼女はスキーができます,
文の訳,4択,She can skate.,彼女はスケートができます,彼女はスケートをしません,彼女はダンスができます,彼女はスケートが好きです。,彼女はスケートができます,
文の訳,4択,She can dance.,彼女はダンスができます,彼女はダンスをしません,彼女は泳げます,彼女はダンスが好きです。,彼女はダンスができます,
文の訳,4択,It is sunny today.,今日は晴れです。,今日は雨です。,きのうは晴れでした。,今日は晴れではありません。,今日は晴れです。,
文の訳,4択,It is cloudy today.,今日はくもりです。,今日は晴れです。,きのうはくもりでした。,今日はくもりではありません。,今日はくもりです。,
文の訳,4択,It is rainy today.,今日は雨です。,今日は雪です。,きのうは雨でした。,今日は雨ではありません。,今日は雨です。,
文の訳,4択,It is snowy today.,今日は雪です。,今日は雨です。,きのうは雪でした。,今日は雪ではありません。,今日は雪です。,
文の訳,4択,It is cold today.,今日は寒いです。,今日は暖かいです。,きのうは寒いでした。,今日は寒いではありません。,今日は寒いです。,
文の訳,4択,It is warm today.,今日は暖かいです。,今日は寒いです。,きのうは暖かいでした。,今日は暖かいではありません。,今日は暖かいです。,
文の訳,4択,It is hot today.,今日は暑いです。,今日は暖かいです。,きのうは暑いでした。,今日は暑いではありません。,今日は暑いです。,
文の訳,4択,This is my father.,こちらは私の父です。,こちらは私の姉・妹です。,あちらは私の父です。,こちらは私の父ではありません。,こちらは私の父です。,
文の訳,4択,This is my mother.,こちらは私の母です。,こちらは私のいとこです。,あちらは私の母です。,こちらは私の母ではありません。,こちらは私の母です。,
文の訳,4択,This is my brother.,こちらは私の兄・弟です。,こちらは私の親です。,あちらは私の兄・弟です。,こちらは私の兄・弟ではありません。,こちらは私の兄・弟です。,
文の訳,4択,This is my sister.,こちらは私の姉・妹です。,こちらは私の家族です。,あちらは私の姉・妹です。,こちらは私の姉・妹ではありません。,こちらは私の姉・妹です。,
文の訳,4択,This is my grandfather.,こちらは私の祖父です。,こちらは私の祖母です。,あちらは私の祖父です。,こちらは私の祖父ではありません。,こちらは私の祖父です。,
文の訳,4択,This is my grandmother.,こちらは私の祖母です。,こちらは私の母です。,あちらは私の祖母です。,こちらは私の祖母ではありません。,こちらは私の祖母です。,
文の訳,4択,This is my uncle.,こちらは私のおじです。,こちらは私の兄・弟です。,あちらは私のおじです。,こちらは私のおじではありません。,こちらは私のおじです。,
文の訳,4択,This is my aunt.,こちらは私のおばです。,こちらは私の母です。,あちらは私のおばです。,こちらは私のおばではありません。,こちらは私のおばです。,
文の訳,4択,This is my cousin.,こちらは私のいとこです。,こちらは私の父です。,あちらは私のいとこです。,こちらは私のいとこではありません。,こちらは私のいとこです。,
文の訳,4択,This is my baby.,こちらは私の赤ちゃんです。,こちらは私の姉・妹です。,あちらは私の赤ちゃんです。,こちらは私の赤ちゃんではありません。,こちらは私の赤ちゃんです。,
文の訳,4択,This is my parent.,こちらは私の親です。,こちらは私の姉・妹です。,あちらは私の親です。,こちらは私の親ではありません。,こちらは私の親です。,
文の訳,4択,This is my family.,こちらは私の家族です。,こちらは私の姉・妹です。,あちらは私の家族です。,こちらは私の家族ではありません。,こちらは私の家族です。,
文の訳,4択,I study math.,私は数学を勉強します。,私は英語を勉強します。,私は数学が好きです。,私は数学を勉強しません。,私は数学を勉強します。,
文の訳,4択,I study science.,私は理科を勉強します。,私は国語を勉強します。,私は理科が好きです。,私は理科を勉強しません。,私は理科を勉強します。,
文の訳,4択,I study English.,私は英語を勉強します。,私は理科を勉強します。,私は英語が好きです。,私は英語を勉強しません。,私は英語を勉強します。,
文の訳,4択,I study Japanese.,私は国語を勉強します。,私は理科を勉強します。,私は国語が好きです。,私は国語を勉強しません。,私は国語を勉強します。,
文の訳,4択,I study music.,私は音楽を勉強します。,私は数学を勉強します。,私は音楽が好きです。,私は音楽を勉強しません。,私は音楽を勉強します。,
文の訳,4択,I study art.,私は美術を勉強します。,私は数学を勉強します。,私は美術が好きです。,私は美術を勉強しません。,私は美術を勉強します。,
英文えらび,4択,私はお風呂に入る。,I am take a shower.,I take a shower.,I are take a shower.,I taking a shower.,I take a shower.,
英文えらび,4択,私はバナナが好きです。,I like bananas.,I likes bananas.,I are like bananas.,I like banana.,I like bananas.,
英文えらび,4択,私は夕食を作ります。,I cook dinner.,I am cook dinner.,I are like cook dinner.,I cook lunch.,I cook dinner.,
英文えらび,4択,私はレモンが好きです。,I like lemons.,I likes lemons.,I are like lemons.,I like lemon.,I like lemons.,
英文えらび,4択,私は音楽を聴きます。,I listen to music.,I am listen to music.,I listen a to music.,Listen to music.,I listen to music.,
英文えらび,4択,私はモモが好きです。,I like peaches.,I likes peaches.,I are like peaches.,I like peach.,I like peaches.,
英文えらび,4択,私はブドウが好きです。,I like grapes.,I likes grapes.,I are like grapes.,I like grape.,I like grapes.,
英文えらび,4択,宿題をしなさい。,Do your homework.,I do your homework.,You are do your homework.,like your homework.,Do your homework.,
英文えらび,4択,私はイヌが好きです。,I like dogs.,I likes dogs.,I are like dogs.,I like dog.,I like dogs.,
英文えらび,4択,私はネコが好きです。,I like cats.,I likes cats.,I are like cats.,I like cat.,I like cats.,
英文えらび,4択,私はウサギが好きです。,I like rabbits.,I likes rabbits.,I are like rabbits.,I like rabbit.,I like rabbits.,
英文えらび,4択,私はライオンが好きです。,I like lions.,I likes lions.,I are like lions.,I like lion.,I like lions.,
英文えらび,4択,私はトラが好きです。,I like tigers.,I likes tigers.,I are like tigers.,I like tiger.,I like tigers.,
英文えらび,4択,私はパンダが好きです。,I like pandas.,I likes pandas.,I are like pandas.,I like panda.,I like pandas.,
英文えらび,4択,私はサルが好きです。,I like monkeys.,I likes monkeys.,I are like monkeys.,I like monkey.,I like monkeys.,
英文えらび,4択,私はウマが好きです。,I like horses.,I likes horses.,I are like horses.,I like horse.,I like horses.,
英文えらび,4択,私は鳥が好きです。,I like birds.,I likes birds.,I are like birds.,I like bird.,I like birds.,
英文えらび,4択,私はサッカーが好きです。,I like soccer.,I likes soccer.,I are like soccer.,I like a soccer.,I like soccer.,
英文えらび,4択,私はテニスが好きです。,I like tennis.,I likes tennis.,I are like tennis.,I like a tennis.,I like tennis.,
英文えらび,4択,私は野球が好きです。,I like baseball.,I likes baseball.,I are like baseball.,I like a baseball.,I like baseball.,
英文えらび,4択,私は音楽が好きです。,I like music.,I likes music.,I are like music.,I like a music.,I like music.,
英文えらび,4択,私は美術が好きです。,I like art.,I likes art.,I are like art.,I like an art.,I like art.,
英文えらび,4択,私は英語が好きです。,I like English.,I likes English.,I are like English.,I like an English.,I like English.,
英文えらび,4択,私は数学が好きです。,I like math.,I likes math.,I are like math.,I like a math.,I like math.,
英文えらび,4択,私は理科が好きです。,I like science.,I likes science.,I are like science.,I like a science.,I like science.,
英文えらび,4択,私たちはリンゴが好きです。,We like apples.,We likes apples.,We are like apples.,We like apple.,We like apples.,
英文えらび,4択,私たちはバナナが好きです。,We like bananas.,We likes bananas.,We are like bananas.,We like banana.,We like bananas.,
英文えらび,4択,私たちはオレンジが好きです。,We like oranges.,We likes oranges.,We are like oranges.,We like orange.,We like oranges.,
英文えらび,4択,私たちはレモンが好きです。,We like lemons.,We likes lemons.,We are like lemons.,We like lemon.,We like lemons.,
英文えらび,4択,私たちはメロンが好きです。,We like melons.,We don't like melons.,We are like melons.,We like melon.,We like melons.,
英文えらび,4択,私たちはモモが好きです。,We like peaches.,We likes peaches.,We are like peaches.,We like peach.,We like peaches.,
英文えらび,4択,私たちはブドウが好きです。,We like grapes.,We likes grapes.,We are like grapes.,We like grape.,We like grapes.,
英文えらび,4択,私たちはイチゴが好きです。,We like strawberries.,We likes strawberries.,We are like strawberries.,We like strawberry.,We like strawberries.,
英文えらび,4択,私たちはイヌが好きです。,We like dogs.,We likes dogs.,We are like dogs.,We like dog.,We like dogs.,
英文えらび,4択,私たちはネコが好きです。,We like cats.,We likes cats.,We are like cats.,We like cat.,We like cats.,
英文えらび,4択,私たちはウサギが好きです。,We like rabbits.,We likes rabbits.,We are like rabbits.,We like rabbit.,We like rabbits.,
英文えらび,4択,私たちはライオンが好きです。,We like lions.,We likes lions.,We are like lions.,We like lion.,We like lions.,
英文えらび,4択,私たちはトラが好きです。,We like tigers.,We likes tigers.,We are like tigers.,We like tiger.,We like tigers.,
英文えらび,4択,私たちはパンダが好きです。,We like pandas.,We likes pandas.,We are like pandas.,We like panda.,We like pandas.,
英文えらび,4択,私たちはサルが好きです。,We like monkeys.,We likes monkeys.,We are like monkeys.,We like monkey.,We like monkeys.,
英文えらび,4択,私たちはウマが好きです。,We like horses.,We likes horses.,We are like horses.,We like horse.,We like horses.,
英文えらび,4択,私たちは鳥が好きです。,We like birds.,We likes birds.,We are like birds.,We like bird.,We like birds.,
英文えらび,4択,私たちはサッカーが好きです。,We like soccer.,We likes soccer.,We are like soccer.,We like a soccer.,We like soccer.,
英文えらび,4択,私たちはテニスが好きです。,We like tennis.,We likes tennis.,We are like tennis.,We like a tennis.,We like tennis.,
英文えらび,4択,私たちは野球が好きです。,We like baseball.,We likes baseball.,We are like baseball.,We like a baseball.,We like baseball.,
英文えらび,4択,私たちは音楽が好きです。,We like music.,We likes music.,We are like music.,We like a music.,We like music.,
英文えらび,4択,私たちは美術が好きです。,We like art.,We likes art.,We are like art.,We like an art.,We like art.,
英文えらび,4択,私たちは英語の歌を歌います。,We sing English songs.,We are sing English songs.,We is sing English songs.,We sing chinese songs.,We sing English songs.,
英文えらび,4択,私たちは数学が好きです。,We like math.,We likes math.,We are like math.,We like a math.,We like math.,
英文えらび,4択,私たちは理科が好きです。,We like science.,We likes science.,We are like science.,We like a science.,We like science.,
英文えらび,4択,彼らはリンゴが好きです。,They like apples.,They likes apples.,They are like apples.,They like apple.,They like apples.,
英文えらび,4択,彼らはバナナが好きです。,They like bananas.,They likes bananas.,They are like bananas.,They like banana.,They like bananas.,
英文えらび,4択,彼らはオレンジが好きです。,They like oranges.,They likes oranges.,They are like oranges.,They like orange.,They like oranges.,
英文えらび,4択,彼らはレモンが好きです。,They like lemons.,They likes lemons.,They are like lemons.,They like lemon.,They like lemons.,
英文えらび,4択,彼らはコンピューターを使います。,They use some computers.,They use a computers.,They use some computer.,They use an computers.,They use some computers.,
英文えらび,4択,彼らはモモが好きです。,They like peaches.,They likes peaches.,They are like peaches.,They like peach.,They like peaches.,
英文えらび,4択,彼らはブドウが好きです。,They like grapes.,They likes grapes.,They are like grapes.,They like grape.,They like grapes.,
英文えらび,4択,彼らはイチゴが好きです。,They like strawberries.,They likes strawberries.,They are like strawberries.,They like strawberry.,They like strawberries.,
英文えらび,4択,彼らはイヌが好きです。,They like dogs.,They likes dogs.,They are like dogs.,They like dog.,They like dogs.,
英文えらび,4択,彼らはネコが好きです。,They like cats.,They likes cats.,They are like cats.,They like cat.,They like cats.,
英文えらび,4択,彼らはウサギが好きです。,They like rabbits.,They likes rabbits.,They are like rabbits.,They like rabbit.,They like rabbits.,
英文えらび,4択,彼らはライオンが好きです。,They like lions.,They likes lions.,They are like lions.,They like lion.,They like lions.,
英文えらび,4択,彼らはトラが好きです。,They like tigers.,They likes tigers.,They are like tigers.,They like tiger.,They like tigers.,
英文えらび,4択,彼らはパンダが好きです。,They like pandas.,They likes pandas.,They are like pandas.,They like panda.,They like pandas.,
英文えらび,4択,彼らはサルが好きです。,They like monkeys.,They likes monkeys.,They are like monkeys.,They like monkey.,They like monkeys.,
英文えらび,4択,彼らはウマが好きです。,They like horses.,They likes horses.,They are like horses.,They like horse.,They like horses.,
英文えらび,4択,彼らは鳥が好きです。,They like birds.,They likes birds.,They are like birds.,They like bird.,They like birds.,
英文えらび,4択,彼らはサッカーが好きです。,They like soccer.,They likes soccer.,They are like soccer.,They like a soccer.,They like soccer.,
英文えらび,4択,たけしとくみははテニスが好きです。,Takashi and Kumi like tennis.,Takashi and Kumi  likes tennis.,Takashi and Kumi are like tennis.,Takashi and Kumi like a tennis.,Takashi and Kumi like tennis.,
英文えらび,4択,彼らは野球が好きです。,They like baseball.,They likes baseball.,They are like baseball.,They like a baseball.,They like baseball.,
英文えらび,4択,彼らは音楽が好きです。,They like music.,They likes music.,They are like music.,They like a music.,They like music.,
英文えらび,4択,彼らは美術が好きです。,They like art.,They likes art.,They are like art.,They like an art.,They like art.,
英文えらび,4択,彼らは英語が好きです。,They like English.,They likes English.,They are like English.,They like an English.,They like English.,
英文えらび,4択,彼らは数学が好きです。,They like math.,They likes math.,They are like math.,They like a math.,They like math.,
英文えらび,4択,彼らは理科が好きです。,They like science.,They likes science.,They are like science.,They like a science.,They like science.,
英文えらび,4択,私は本を持っています。,I have a book.,I has a book.,I have a books.,I am have a book.,I have a book.,
英文えらび,4択,私はかばんを持っています。,I have a bag.,I has a bag.,I have a bags.,I am have a bag.,I have a bag.,
英文えらび,4択,私はペンを持っています。,I have a pen.,I has a pen.,I have a pens.,I am have a pen.,I have a pen.,
英文えらび,4択,私はノートを持っています。,I have a notebook.,I has a notebook.,I have a notebooks.,I am have a notebook.,I have a notebook.,
英文えらび,4択,私は自転車を持っています。,I have a bike.,I has a bike.,I have a bikes.,I am have a bike.,I have a bike.,
英文えらび,4択,私はイヌを飼っています。,I have a dog.,I has a dog.,I have a dogs.,I am have a dog.,I have a dog.,
英文えらび,4択,私はネコを飼っています。,I have a cat.,I has a cat.,I have a cats.,I am have a cat.,I have a cat.,
英文えらび,4択,私はウサギを飼っています。,I have a rabbit.,I has a rabbit.,I have a rabbits.,I am have a rabbit.,I have a rabbit.,
英文えらび,4択,私は鳥を飼っています。,I have a bird.,I has a bird.,I have a birds.,I am have a bird.,I have a bird.,
英文えらび,4択,私はカメを飼っています。,I have a turtle.,I has a turtle.,I have a turtles.,I am have a turtle.,I have a turtle.,
英文えらび,4択,私はサッカーができます。,I can play soccer.,I can plays soccer.,I can play a soccer.,I is play soccer.,I can play soccer.,
英文えらび,4択,私はテニスができません。,I can't play tennis.,I can plays be tennis.,I can play a tennis.,I is can play tennis.,I can't play tennis.,
英文えらび,4択,私は野球ができます。,I can play baseball.,I can plays baseball.,I can play a baseball.,I is play baseball.,I can play baseball.,
英文えらび,4択,私はバスケットボールができます。,I can play basketball.,I can plays basketball.,I can play a basketball.,I is play basketball.,I can play basketball.,
英文えらび,4択,私はバレーボールができます。,I can play volleyball.,I can plays volleyball.,I can play a volleyball.,I is play volleyball.,I can play volleyball.,
英文えらび,4択,私はバドミントンができます。,I can play badminton.,I can plays badminton.,I can play a badminton.,I is play badminton.,I can play badminton.,
英文えらび,4択,私たちはサッカーができます。,We can play soccer.,We can plays soccer.,We can play a soccer.,We is play soccer.,We can play soccer.,
英文えらび,4択,私たちはテニスができます。,We can play tennis.,We can plays tennis.,We can play a tennis.,We is play tennis.,We can play tennis.,
英文えらび,4択,私たちは野球ができます。,We can play baseball.,We can plays baseball.,We can play a baseball.,We is play baseball.,We can play baseball.,
英文えらび,4択,私たちはバスケットボールができます。,We can play basketball.,We can plays basketball.,We can play a basketball.,We is play basketball.,We can play basketball.,
英文えらび,4択,私たちはバレーボールができます。,We can play volleyball.,We can plays volleyball.,We can play a volleyball.,We is play volleyball.,We can play volleyball.,
英文えらび,4択,私たちはバドミントンができます。,We can play badminton.,We can plays badminton.,We can play a badminton.,We is play badminton.,We can play badminton.,
英文えらび,4択,あなたはサッカーができます。,You can play soccer.,You can plays soccer.,You can play a soccer.,You is play soccer.,You can play soccer.,
英文えらび,4択,あなたはテニスができます。,You can play tennis.,You can plays tennis.,You can play a tennis.,You is play tennis.,You can play tennis.,
英文えらび,4択,あなたは野球ができます。,You can play baseball.,You can plays baseball.,You can play a baseball.,You is play baseball.,You can play baseball.,
英文えらび,4択,あなたはバスケットボールができます。,You can play basketball.,You can plays basketball.,You can play a basketball.,You is play basketball.,You can play basketball.,
英文えらび,4択,私たちはピアノをひけます。,We can play the piano.,We can plays the piano.,We can play piano.,We is play the piano.,We can play the piano.,
英文えらび,4択,あなたはバレーボールができます。,You can play volleyball.,You can plays volleyball.,You can play a volleyball.,You is play volleyball.,You can play volleyball.,
英文えらび,4択,こちらは私の親です。,This is my parent.,This are my parent.,This is my parents.,This my parent is.,This is my parent.,
英文えらび,4択,こちらは私の姉・妹です。,This is my sister.,This are my sister.,This is my sisters.,This my sister is.,This is my sister.,
英文えらび,4択,彼は野球ができます。,He can play baseball.,He can plays baseball.,He can play a baseball.,He is play baseball.,He can play baseball.,
英文えらび,4択,私はフルートをひけます。,I can play the flute.,I can plays the flute.,I can play flute.,I is play the flute.,I can play the flute.,
英文えらび,4択,彼はドラムをひけます。,He can play the drums.,He can plays the drums.,He can play drums.,He is play the drums.,He can play the drums.,
英文えらび,4択,私たちは泳げます,We can swim.,We can swims.,We is swim.,We swim can.,We can swim.,
英文えらび,4択,彼はテニスができます。,He can play tennis.,He can plays tennis.,He can play a tennis.,He is play tennis.,He can play tennis.,
英文えらび,4択,彼はフルートをひけます。,He can play the flute.,He can plays the flute.,He can play flute.,He is play the flute.,He can play the flute.,
英文えらび,4択,私はドラムをひけます。,I can play the drums.,I can plays the drums.,I can play drums.,I is play the drums.,I can play the drums.,
英文えらび,4択,彼女はバレーボールができます。,She can play volleyball.,She can plays volleyball.,She can play a volleyball.,She is play volleyball.,She can play volleyball.,
英文えらび,4択,私はピアノをひけます。,I can play the piano.,I can plays the piano.,I can play piano.,I is play the piano.,I can play the piano.,
英文えらび,4択,あなたはバイオリンをひけます。,You can play the violin.,You can plays the violin.,You can play violin.,You is play the violin.,You can play the violin.,
英文えらび,4択,私は国語を勉強します。,I study Japanese.,I studies Japanese.,I am study Japanese.,I study a Japanese.,I study Japanese.,
英文えらび,4択,彼らはテニスができます。,They can play tennis.,They can plays tennis.,They can play a tennis.,They is play tennis.,They can play tennis.,
英文えらび,4択,彼女はバイオリンをひけます。,She can play the violin.,She can plays the violin.,She can play violin.,She is play the violin.,She can play the violin.,
英文えらび,4択,彼はピアノをひけます。,He can play the piano.,He can plays the piano.,He can play piano.,He is play the piano.,He can play the piano.,
英文えらび,4択,私は理科を勉強します。,I study science.,I studies science.,I am study science.,I study a science.,I study science.,
英文えらび,4択,あなたはフルートをひけます。,You can play the flute.,You can plays the flute.,You can play flute.,You is play the flute.,You can play the flute.,
英文えらび,4択,今日は雪です。,It is snowy today.,It are snowy today.,It is snowy day today.,It snowy today.,It is snowy today.,
英文えらび,4択,私たちはバイオリンをひけます。,We can play the violin.,We can plays the violin.,We can play violin.,We is play the violin.,We can play the violin.,
英文えらび,4択,彼らはフルートをひけます。,They can play the flute.,They can plays the flute.,They can play flute.,They is play the flute.,They can play the flute.,
英文えらび,4択,私はスケートができます,I can skate.,I can skates.,I is skate.,I skate can.,I can skate.,
英文えらび,4択,彼女はダンスができます,She can dance.,She can dances.,She is dance.,She dance can.,She can dance.,
英文えらび,4択,彼女は泳げます,She can swim.,She can swims.,She is swim.,She swim can.,She can swim.,
英文えらび,4択,彼はバレーボールができます。,He can play volleyball.,He can plays volleyball.,He can play a volleyball.,He is play volleyball.,He can play volleyball.,
英文えらび,4択,あなたはスケートができます,You can skate.,You can skates.,You is skate.,You skate can.,You can skate.,
英文えらび,4択,彼女はスキーができます,She can ski.,She can skis.,She is ski.,She ski can.,She can ski.,
英文えらび,4択,彼女はフルートをひけます。,She can play the flute.,She can plays the flute.,She can play flute.,She is play the flute.,She can play the flute.,
英文えらび,4択,今日は雨です。,It is rainy today.,It are rainy today.,It is rainy day today.,It rainy today.,It is rainy today.,
英文えらび,4択,彼女はドラムをひけます。,She can play the drums.,She can plays the drums.,She can play drums.,She is play the drums.,She can play the drums.,
英文えらび,4択,私はバイオリンをひけます。,I can play the violin.,I can plays the violin.,I can play violin.,I is play the violin.,I can play the violin.,
英文えらび,4択,彼は泳げます,He can swim.,He can swims.,He is swim.,He swim can.,He can swim.,
英文えらび,4択,彼はギターをひけます。,He can play the guitar.,He can plays the guitar.,He can play guitar.,He is play the guitar.,He can play the guitar.,
英文えらび,4択,彼はスケートができます,He can skate.,He can skates.,He is skate.,He skate can.,He can skate.,
英文えらび,4択,彼らはバイオリンをひけます。,They can play the violin.,They can plays the violin.,They can play violin.,They is play the violin.,They can play the violin.,
英文えらび,4択,今日は暑いです。,It is hot today.,It are hot today.,It is a hot today.,It hot today.,It is hot today.,
英文えらび,4択,彼女は野球ができます。,She can play baseball.,She can plays baseball.,She can play a baseball.,She is play baseball.,She can play baseball.,
英文えらび,4択,私たちはスケートができます,We can skate.,We can skates.,We is skate.,We skate can.,We can skate.,
英文えらび,4択,こちらは私の祖母です。,This is my grandmother.,This are my grandmother.,This is my grandmothers.,This my grandmother is.,This is my grandmother.,
英文えらび,4択,私は美術を勉強します。,I study art.,I studies art.,I am study art.,I study a art.,I study art.,
英文えらび,4択,彼女はスケートができます,She can skate.,She can skates.,She is skate.,She skate can.,She can skate.,
英文えらび,4択,彼らはバスケットボールができます。,They can play basketball.,They can plays basketball.,They can play a basketball.,They is play basketball.,They can play basketball.,
英文えらび,4択,あなたはギターをひけます。,You can play the guitar.,You can plays the guitar.,You can play guitar.,You is play the guitar.,You can play the guitar.,
英文えらび,4択,彼らは泳げます,They can swim.,They can swims.,They is swim.,They swim can.,They can swim.,
英文えらび,4択,彼女はバスケットボールができます。,She can play basketball.,She can plays basketball.,She can play a basketball.,She is play basketball.,She can play basketball.,
英文えらび,4択,あなたは泳げます,You can swim.,You can swims.,You is swim.,You swim can.,You can swim.,
英文えらび,4択,こちらは私の赤ちゃんです。,This is my baby.,This are my baby.,This is my babys.,This my baby is.,This is my baby.,
英文えらび,4択,こちらは私のおじです。,This is my uncle.,This are my uncle.,This is my uncles.,This my uncle is.,This is my uncle.,
英文えらび,4択,私は泳げます,I can swim.,I can swims.,I is swim.,I swim can.,I can swim.,
英文えらび,4択,彼はダンスができます,He can dance.,He can dances.,He is dance.,He dance can.,He can dance.,
英文えらび,4択,こちらは私の父です。,This is my father.,This are my father.,This is my fathers.,This my father is.,This is my father.,
英文えらび,4択,彼女はサッカーができます。,She can play soccer.,She can plays soccer.,She can play a soccer.,She is play soccer.,She can play soccer.,
英文えらび,4択,あなたはスキーができます,You can ski.,You can skis.,You is ski.,You ski can.,You can ski.,
英文えらび,4択,今日は寒いです。,It is cold today.,It are cold today.,It is a cold today.,It cold today.,It is cold today.,
英文えらび,4択,彼らはギターをひけます。,They can play the guitar.,They can plays the guitar.,They can play guitar.,They is play the guitar.,They can play the guitar.,
英文えらび,4択,私たちはフルートをひけます。,We can play the flute.,We can plays the flute.,We can play flute.,We is play the flute.,We can play the flute.,
英文えらび,4択,こちらは私のおばです。,This is my aunt.,This are my aunt.,This is my aunts.,This my aunt is.,This is my aunt.,
英文えらび,4択,私はスキーができます,I can ski.,I can skis.,I is ski.,I ski can.,I can ski.,
英文えらび,4択,彼女はバドミントンができます。,She can play badminton.,She can plays badminton.,She can play a badminton.,She is play badminton.,She can play badminton.,
英文えらび,4択,こちらは私のいとこです。,This is my cousin.,This are my cousin.,This is my cousins.,This my cousin is.,This is my cousin.,
英文えらび,4択,あなたはピアノをひけます。,You can play the piano.,You can plays the piano.,You can play piano.,You is play the piano.,You can play the piano.,
英文えらび,4択,あなたはバドミントンができます。,You can play badminton.,You can plays badminton.,You can play a badminton.,You is play badminton.,You can play badminton.,
英文えらび,4択,こちらは私の兄・弟です。,This is my brother.,This are my brother.,This is my brothers.,This my brother is.,This is my brother.,
英文えらび,4択,今日は暖かいです。,It is warm today.,It are warm today.,It is a warm today.,It warm today.,It is warm today.,
英文えらび,4択,今日はくもりです。,It is cloudy today.,It are cloudy today.,It is cloudy day today.,It cloudy today.,It is cloudy today.,
英文えらび,4択,彼はバスケットボールができます。,He can play basketball.,He can plays basketball.,He can play a basketball.,He is play basketball.,He can play basketball.,
英文えらび,4択,彼らはダンスができます,They can dance.,They can dances.,They is dance.,They dance can.,They can dance.,
英文えらび,4択,私たちはダンスができます,We can dance.,We can dances.,We is dance.,We dance can.,We can dance.,
英文えらび,4択,彼はスキーができます,He can ski.,He can skis.,He is ski.,He ski can.,He can ski.,
英文えらび,4択,こちらは私の母です。,This is my mother.,This are my mother.,This is my mothers.,This my mother is.,This is my mother.,
英文えらび,4択,私はダンスができます,I can dance.,I can dances.,I is dance.,I dance can.,I can dance.,
英文えらび,4択,彼らはスケートができます,They can skate.,They can skates.,They is skate.,They skate can.,They can skate.,
英文えらび,4択,彼はサッカーができます。,He can play soccer.,He can plays soccer.,He can play a soccer.,He is play soccer.,He can play soccer.,
英文えらび,4択,彼らはバレーボールができます。,They can play volleyball.,They can plays volleyball.,They can play a volleyball.,They is play volleyball.,They can play volleyball.,
英文えらび,4択,こちらは私の家族です。,This is my family.,This are my family.,This is my familys.,This my family is.,This is my family.,
英文えらび,4択,私は数学を勉強します。,I study math.,I studies math.,I am study math.,I study a math.,I study math.,
英文えらび,4択,彼らはスキーができます,They can ski.,They can skis.,They is ski.,They ski can.,They can ski.,
英文えらび,4択,彼はバイオリンをひけます。,He can play the violin.,He can plays the violin.,He can play violin.,He is play the violin.,He can play the violin.,
英文えらび,4択,たけしと私はギターをひけます。,Takeshi and I can play the guitar.,Takeshi and I can plays the guitar.,Takeshi and I can play guitar.,Takeshi and I is play the guitar.,Takeshi and I can play the guitar.,
英文えらび,4択,たけしと私はドラムをひけます。,Takeshi and I can play the drums.,Takeshi and I can plays the drums.,Takeshi and I can play drums.,Takeshi and I is play the drums.,Takeshi and I can play the drums.,
英文えらび,4択,あなたはダンスができます,You can dance.,You can dances.,You is dance.,You dance can.,You can dance.,
英文えらび,4択,彼女はピアノをひけます。,She can play the piano.,She can plays the piano.,She can play piano.,She is play the piano.,She can play the piano.,
英文えらび,4択,彼女はギターをひけます。,She can play the guitar.,She can plays the guitar.,She can play guitar.,She is play the guitar.,She can play the guitar.,
英文えらび,4択,私はギターをひけます。,I can play the guitar.,I can plays the guitar.,I can play guitar.,I is play the guitar.,I can play the guitar.,
英文えらび,4択,あなたはドラムをひけます。,You can play the drums.,You can plays the drums.,You can play drums.,You is play the drums.,You can play the drums.,
英文えらび,4択,私は英語を勉強します。,I study English.,I studies English.,I am study English.,I study a English.,I study English.,
英文えらび,4択,彼らはピアノをひけます。,They can play the piano.,They can plays the piano.,They can play piano.,They is play the piano.,They can play the piano.,
英文えらび,4択,彼らはサッカーができます。,They can play soccer.,They can plays soccer.,They can play a soccer.,They is play soccer.,They can play soccer.,
英文えらび,4択,今日は晴れです。,It is sunny today.,It are sunny today.,It is sunny day today.,It sunny today.,It is sunny today.,
英文えらび,4択,たけしと洋子はドラムをひけます。,Takeshi and Yoko can play the drums.,Takeshi and Yoko can plays the drums.,Takeshi and Yoko can play drums.,Takeshi and Yoko is play the drums.,Takeshi and Yoko can play the drums.,
英文えらび,4択,たけしと洋子はバドミントンができます。,Takeshi and Yoko can play badminton.,Takeshi and Yoko can plays badminton.,Takeshi and Yoko can play a badminton.,Takeshi and Yoko is play badminton.,Takeshi and Yoko can play badminton.,
英文えらび,4択,彼はバドミントンができます。,He can play badminton.,He can plays badminton.,He can play a badminton.,He is play badminton.,He can play badminton.,
英文えらび,4択,私たちはスキーができます,We can ski.,We can skis.,We is ski.,We ski can.,We can ski.,
英文えらび,4択,私は音楽を勉強します。,I study music.,I studies music.,I am study music.,I study a music.,I study music.,
英文えらび,4択,こちらは私の祖父です。,This is my grandfather.,This are my grandfather.,This is my grandfathers.,This my grandfather is.,This is my grandfather.,
英文えらび,4択,たけしと洋子は野球ができます。,Takeshi and Yoko can play baseball.,Takeshi and Yoko can plays baseball.,Takeshi and Yoko can play a baseball.,Takeshi and Yoko is play baseball.,Takeshi and Yoko can play baseball.,
英文えらび,4択,彼女はテニスができます。,She can play tennis.,She can plays tennis.,She can play a tennis.,She is play tennis.,She can play tennis.,
